algorithm,instance,seed,z_value,gap_percent,service_level,avg_inventory,low_rotation_inventory,elapsed_seconds,n_evaluations,is_feasible,size,complexity,case_id
cbc_exact,small_seed42,1,571535746.9501077,0.0,56.17383829599589,946.5235453895832,491.173815,0.719334602355957,0,True,small,1440,small_seed42_s1
cbc_exact,small_seed123,1,578282013.1231397,0.0,56.9954714923246,975.9703647453332,0.0,0.6888828277587891,0,True,small,1440,small_seed123_s1
cbc_exact,small_seed456,1,575009967.037272,0.0,56.76748253720231,1047.8641422291666,162.95531499999998,0.735924243927002,0,True,small,1440,small_seed456_s1
cbc_exact,medium_seed42,1,571263947.5397551,0.0,56.310303879501866,1109.2575942646663,571.3854174,2.2784876823425293,0,True,medium,3600,medium_seed42_s1
cbc_exact,medium_seed123,1,576786708.1366605,0.0,56.80994101406539,1033.3936219749996,0.0,2.512934684753418,0,True,medium,3600,medium_seed123_s1
cbc_exact,medium_seed456,1,574676671.3219855,0.0,56.64773337112582,1009.58288613085,0.0,2.1318888664245605,0,True,medium,3600,medium_seed456_s1
cbc_exact,large_seed42,1,1995008339.7105975,0.0,70.44946346207334,4288.5515068031,0.0,34.85442757606506,0,True,large,19200,large_seed42_s1
cbc_exact,large_seed123,1,1982131972.265718,0.0,70.12335736566997,4344.804752985647,0.0,25.06686282157898,0,True,large,19200,large_seed123_s1
cbc_exact,large_seed456,1,1993154118.3017635,0.0,70.60399549199887,4468.549723961929,0.0,26.901581287384037,0,True,large,19200,large_seed456_s1
ga,small_seed42,1,552277686.7837336,3.369528549901049,56.4843758197804,17821.311832720072,491.17381517409456,63.25198531150818,8667,True,small,1440,small_seed42_s1
ga,small_seed42,2,552277686.7837336,3.369528549901049,56.4843758197804,17821.311832720072,491.17381517409456,69.93010258674622,9476,True,small,1440,small_seed42_s2
ga,small_seed42,3,552277686.7837336,3.369528549901049,56.4843758197804,17821.311832720072,491.17381517409456,61.52608942985535,8194,True,small,1440,small_seed42_s3
ga,small_seed42,4,552277686.7837336,3.369528549901049,56.4843758197804,17821.311832720072,491.17381517409456,69.71644067764282,9147,True,small,1440,small_seed42_s4
ga,small_seed42,5,552277686.7837336,3.369528549901049,56.4843758197804,17821.311832720072,491.17381517409456,65.76392769813538,8672,True,small,1440,small_seed42_s5
ga,small_seed42,6,552277686.7837336,3.369528549901049,56.4843758197804,17821.311832720072,491.17381517409456,63.22378921508789,8106,True,small,1440,small_seed42_s6
ga,small_seed42,7,552277686.7837336,3.369528549901049,56.4843758197804,17821.311832720072,491.17381517409456,54.77793216705322,6904,True,small,1440,small_seed42_s7
ga,small_seed42,8,552277686.7837336,3.369528549901049,56.4843758197804,17821.311832720072,491.17381517409456,65.1199722290039,8829,True,small,1440,small_seed42_s8
ga,small_seed42,9,552277686.7837336,3.369528549901049,56.4843758197804,17821.311832720072,491.17381517409456,65.06538152694702,8265,True,small,1440,small_seed42_s9
ga,small_seed42,10,552277686.7837336,3.369528549901049,56.4843758197804,17821.311832720072,491.17381517409456,77.9133415222168,10825,True,small,1440,small_seed42_s10
ga,small_seed42,11,552277686.7837336,3.369528549901049,56.4843758197804,17821.311832720072,491.17381517409456,70.1546380519867,9392,True,small,1440,small_seed42_s11
ga,small_seed42,12,552277686.7837336,3.369528549901049,56.4843758197804,17821.311832720072,491.17381517409456,71.71941208839417,9230,True,small,1440,small_seed42_s12
ga,small_seed42,13,552277686.7837336,3.369528549901049,56.4843758197804,17821.311832720072,491.17381517409456,73.25190782546997,9558,True,small,1440,small_seed42_s13
ga,small_seed42,14,552277686.7837336,3.369528549901049,56.4843758197804,17821.311832720072,491.17381517409456,56.415772676467896,7705,True,small,1440,small_seed42_s14
ga,small_seed42,15,552277686.7837336,3.369528549901049,56.4843758197804,17821.311832720072,491.17381517409456,56.950255393981934,7948,True,small,1440,small_seed42_s15
ga,small_seed42,16,552277686.7837336,3.369528549901049,56.4843758197804,17821.311832720072,491.17381517409456,63.29123091697693,8903,True,small,1440,small_seed42_s16
ga,small_seed42,17,552277686.7837336,3.369528549901049,56.4843758197804,17821.311832720072,491.17381517409456,58.190743923187256,9235,True,small,1440,small_seed42_s17
ga,small_seed42,18,552277686.7837336,3.369528549901049,56.4843758197804,17821.311832720072,491.17381517409456,73.30404496192932,11397,True,small,1440,small_seed42_s18
ga,small_seed42,19,552277686.7837336,3.369528549901049,56.4843758197804,17821.311832720072,491.17381517409456,58.32978010177612,8265,True,small,1440,small_seed42_s19
ga,small_seed42,20,552277686.7837336,3.369528549901049,56.4843758197804,17821.311832720072,491.17381517409456,70.32373857498169,9229,True,small,1440,small_seed42_s20
ga,small_seed42,21,552277686.7837336,3.369528549901049,56.4843758197804,17821.311832720072,491.17381517409456,64.62778377532959,8183,True,small,1440,small_seed42_s21
ga,small_seed42,22,552277686.7837336,3.369528549901049,56.4843758197804,17821.311832720072,491.17381517409456,52.337159395217896,6738,True,small,1440,small_seed42_s22
ga,small_seed42,23,552277686.7837336,3.369528549901049,56.4843758197804,17821.311832720072,491.17381517409456,58.18089962005615,8186,True,small,1440,small_seed42_s23
ga,small_seed42,24,552277686.7837336,3.369528549901049,56.4843758197804,17821.311832720072,491.17381517409456,68.001544713974,8748,True,small,1440,small_seed42_s24
ga,small_seed42,25,552277686.7837336,3.369528549901049,56.4843758197804,17821.311832720072,491.17381517409456,69.26230025291443,9225,True,small,1440,small_seed42_s25
ga,small_seed42,26,552277686.7837336,3.369528549901049,56.4843758197804,17821.311832720072,491.17381517409456,59.8813042640686,8026,True,small,1440,small_seed42_s26
ga,small_seed42,27,552277686.7837336,3.369528549901049,56.4843758197804,17821.311832720072,491.17381517409456,60.93647718429565,8504,True,small,1440,small_seed42_s27
ga,small_seed42,28,552277686.7837336,3.369528549901049,56.4843758197804,17821.311832720072,491.17381517409456,62.02122259140015,8499,True,small,1440,small_seed42_s28
ga,small_seed42,29,552277686.7837336,3.369528549901049,56.4843758197804,17821.311832720072,491.17381517409456,62.56474685668945,8909,True,small,1440,small_seed42_s29
ga,small_seed42,30,552277686.7837336,3.369528549901049,56.4843758197804,17821.311832720072,491.17381517409456,60.33151412010193,8584,True,small,1440,small_seed42_s30
ga,small_seed123,1,558430771.4228833,3.432795980121438,57.1520122955377,17929.504511549763,0.0,57.64736795425415,7948,True,small,1440,small_seed123_s1
ga,small_seed123,2,558430771.4228833,3.432795980121438,57.1520122955377,17929.504511549763,0.0,57.93584966659546,7949,True,small,1440,small_seed123_s2
ga,small_seed123,3,558430771.4228833,3.432795980121438,57.1520122955377,17929.504511549763,0.0,58.15756034851074,7946,True,small,1440,small_seed123_s3
ga,small_seed123,4,558430771.4228833,3.432795980121438,57.1520122955377,17929.504511549763,0.0,67.99116063117981,9308,True,small,1440,small_seed123_s4
ga,small_seed123,5,558430771.4228833,3.432795980121438,57.1520122955377,17929.504511549763,0.0,73.53468060493469,10114,True,small,1440,small_seed123_s5
ga,small_seed123,6,558430771.4228833,3.432795980121438,57.1520122955377,17929.504511549763,0.0,46.03248071670532,8106,True,small,1440,small_seed123_s6
ga,small_seed123,7,558430771.4228833,3.432795980121438,57.1520122955377,17929.504511549763,0.0,50.56411027908325,7856,True,small,1440,small_seed123_s7
ga,small_seed123,8,558430771.4228833,3.432795980121438,57.1520122955377,17929.504511549763,0.0,57.863322257995605,8671,True,small,1440,small_seed123_s8
ga,small_seed123,9,558430771.4228833,3.432795980121438,57.1520122955377,17929.504511549763,0.0,54.57300639152527,7381,True,small,1440,small_seed123_s9
ga,small_seed123,10,558430771.4228833,3.432795980121438,57.1520122955377,17929.504511549763,0.0,79.55035424232483,9707,True,small,1440,small_seed123_s10
ga,small_seed123,11,558430771.4228833,3.432795980121438,57.1520122955377,17929.504511549763,0.0,61.02279996871948,7778,True,small,1440,small_seed123_s11
ga,small_seed123,12,558430771.4228833,3.432795980121438,57.1520122955377,17929.504511549763,0.0,70.78769779205322,9148,True,small,1440,small_seed123_s12
ga,small_seed123,13,558430771.4228833,3.432795980121438,57.1520122955377,17929.504511549763,0.0,69.52948665618896,8823,True,small,1440,small_seed123_s13
ga,small_seed123,14,558430771.4228833,3.432795980121438,57.1520122955377,17929.504511549763,0.0,60.60800743103027,7704,True,small,1440,small_seed123_s14
ga,small_seed123,15,558430771.4228833,3.432795980121438,57.1520122955377,17929.504511549763,0.0,69.20180773735046,8830,True,small,1440,small_seed123_s15
ga,small_seed123,16,558430771.4228833,3.432795980121438,57.1520122955377,17929.504511549763,0.0,63.68184280395508,8258,True,small,1440,small_seed123_s16
ga,small_seed123,17,558430771.4228833,3.432795980121438,57.1520122955377,17929.504511549763,0.0,70.39994215965271,9230,True,small,1440,small_seed123_s17
ga,small_seed123,18,558430771.4228833,3.432795980121438,57.1520122955377,17929.504511549763,0.0,71.61286807060242,10596,True,small,1440,small_seed123_s18
ga,small_seed123,19,558430771.4228833,3.432795980121438,57.1520122955377,17929.504511549763,0.0,40.23609113693237,8346,True,small,1440,small_seed123_s19
ga,small_seed123,20,558430771.4228833,3.432795980121438,57.1520122955377,17929.504511549763,0.0,68.90186071395874,9229,True,small,1440,small_seed123_s20
ga,small_seed123,21,558430771.4228833,3.432795980121438,57.1520122955377,17929.504511549763,0.0,62.61478996276856,8665,True,small,1440,small_seed123_s21
ga,small_seed123,22,558430771.4228833,3.432795980121438,57.1520122955377,17929.504511549763,0.0,51.76910781860352,6738,True,small,1440,small_seed123_s22
ga,small_seed123,23,558430771.4228833,3.432795980121438,57.1520122955377,17929.504511549763,0.0,62.83995342254639,8590,True,small,1440,small_seed123_s23
ga,small_seed123,24,558430771.4228833,3.432795980121438,57.1520122955377,17929.504511549763,0.0,74.76637148857117,9550,True,small,1440,small_seed123_s24
ga,small_seed123,25,558430771.4228833,3.432795980121438,57.1520122955377,17929.504511549763,0.0,47.07792973518372,8426,True,small,1440,small_seed123_s25
ga,small_seed123,26,558430771.4228833,3.432795980121438,57.1520122955377,17929.504511549763,0.0,26.392183542251587,8026,True,small,1440,small_seed123_s26
ga,small_seed123,27,558430771.4228833,3.432795980121438,57.1520122955377,17929.504511549763,0.0,26.039500951766968,7866,True,small,1440,small_seed123_s27
ga,small_seed123,28,558430771.4228833,3.432795980121438,57.1520122955377,17929.504511549763,0.0,30.99732780456543,9144,True,small,1440,small_seed123_s28
ga,small_seed123,29,558430771.4228833,3.432795980121438,57.1520122955377,17929.504511549763,0.0,29.30046224594116,8355,True,small,1440,small_seed123_s29
ga,small_seed123,30,558430771.4228833,3.432795980121438,57.1520122955377,17929.504511549763,0.0,29.843830823898315,8107,True,small,1440,small_seed123_s30
ga,small_seed456,1,555566737.353149,3.381372636774245,56.94280930114696,17714.33663525002,162.95531489644657,32.381402015686035,8667,True,small,1440,small_seed456_s1
ga,small_seed456,2,555566737.353149,3.381372636774245,56.94280930114696,17714.33663525002,162.95531489644657,29.742082357406616,7949,True,small,1440,small_seed456_s2
ga,small_seed456,3,555566737.353149,3.381372636774245,56.94280930114696,17714.33663525002,162.95531489644657,31.13062071800232,8032,True,small,1440,small_seed456_s3
ga,small_seed456,4,555566737.353149,3.381372636774245,56.94280930114696,17714.33663525002,162.95531489644657,36.62896656990051,9147,True,small,1440,small_seed456_s4
ga,small_seed456,5,555566737.353149,3.381372636774245,56.94280930114696,17714.33663525002,162.95531489644657,39.69535684585571,10190,True,small,1440,small_seed456_s5
ga,small_seed456,6,555566737.353149,3.381372636774245,56.94280930114696,17714.33663525002,162.95531489644657,36.30622673034668,9071,True,small,1440,small_seed456_s6
ga,small_seed456,7,555566737.353149,3.381372636774245,56.94280930114696,17714.33663525002,162.95531489644657,32.800326108932495,8345,True,small,1440,small_seed456_s7
ga,small_seed456,8,555566737.353149,3.381372636774245,56.94280930114696,17714.33663525002,162.95531489644657,38.68063688278198,9710,True,small,1440,small_seed456_s8
ga,small_seed456,9,555566737.353149,3.381372636774245,56.94280930114696,17714.33663525002,162.95531489644657,34.73596692085266,8748,True,small,1440,small_seed456_s9
ga,small_seed456,10,555566737.353149,3.381372636774245,56.94280930114696,17714.33663525002,162.95531489644657,39.17538046836853,10027,True,small,1440,small_seed456_s10
ga,small_seed456,11,555566737.353149,3.381372636774245,56.94280930114696,17714.33663525002,162.95531489644657,36.23288631439209,9232,True,small,1440,small_seed456_s11
ga,small_seed456,12,555566737.353149,3.381372636774245,56.94280930114696,17714.33663525002,162.95531489644657,35.848132848739624,9313,True,small,1440,small_seed456_s12
ga,small_seed456,13,555566737.353149,3.381372636774245,56.94280930114696,17714.33663525002,162.95531489644657,32.5878632068634,8423,True,small,1440,small_seed456_s13
ga,small_seed456,14,555566737.353149,3.381372636774245,56.94280930114696,17714.33663525002,162.95531489644657,31.956791639328003,8183,True,small,1440,small_seed456_s14
ga,small_seed456,15,555566737.353149,3.381372636774245,56.94280930114696,17714.33663525002,162.95531489644657,34.6166045665741,9072,True,small,1440,small_seed456_s15
ga,small_seed456,16,555566737.353149,3.381372636774245,56.94280930114696,17714.33663525002,162.95531489644657,32.0774667263031,8256,True,small,1440,small_seed456_s16
ga,small_seed456,17,555566737.353149,3.381372636774245,56.94280930114696,17714.33663525002,162.95531489644657,37.34971404075623,9230,True,small,1440,small_seed456_s17
ga,small_seed456,18,555566737.353149,3.381372636774245,56.94280930114696,17714.33663525002,162.95531489644657,44.843443870544434,11557,True,small,1440,small_seed456_s18
ga,small_seed456,19,555566737.353149,3.381372636774245,56.94280930114696,17714.33663525002,162.95531489644657,31.09748411178589,7866,True,small,1440,small_seed456_s19
ga,small_seed456,20,555566737.353149,3.381372636774245,56.94280930114696,17714.33663525002,162.95531489644657,41.70694708824158,10596,True,small,1440,small_seed456_s20
ga,small_seed456,21,555566737.353149,3.381372636774245,56.94280930114696,17714.33663525002,162.95531489644657,31.537956476211548,8182,True,small,1440,small_seed456_s21
ga,small_seed456,22,555566737.353149,3.381372636774245,56.94280930114696,17714.33663525002,162.95531489644657,26.10133123397827,6738,True,small,1440,small_seed456_s22
ga,small_seed456,23,555566737.353149,3.381372636774245,56.94280930114696,17714.33663525002,162.95531489644657,40.195964336395264,10674,True,small,1440,small_seed456_s23
ga,small_seed456,24,555566737.353149,3.381372636774245,56.94280930114696,17714.33663525002,162.95531489644657,32.902953147888184,8748,True,small,1440,small_seed456_s24
ga,small_seed456,25,555566737.353149,3.381372636774245,56.94280930114696,17714.33663525002,162.95531489644657,35.41952872276306,9308,True,small,1440,small_seed456_s25
ga,small_seed456,26,555566737.353149,3.381372636774245,56.94280930114696,17714.33663525002,162.95531489644657,32.73047685623169,8829,True,small,1440,small_seed456_s26
ga,small_seed456,27,555566737.353149,3.381372636774245,56.94280930114696,17714.33663525002,162.95531489644657,28.352074146270752,8504,True,small,1440,small_seed456_s27
ga,small_seed456,28,555566737.353149,3.381372636774245,56.94280930114696,17714.33663525002,162.95531489644657,28.69841837882996,8499,True,small,1440,small_seed456_s28
ga,small_seed456,29,555566737.353149,3.381372636774245,56.94280930114696,17714.33663525002,162.95531489644657,28.035041332244877,8504,True,small,1440,small_seed456_s29
ga,small_seed456,30,555566737.353149,3.381372636774245,56.94280930114696,17714.33663525002,162.95531489644657,29.093949794769287,8584,True,small,1440,small_seed456_s30
ga,medium_seed42,1,551611597.6838298,3.440152304475277,56.48101833972543,17939.98800711172,571.3854187049747,66.45079016685486,7948,True,medium,3600,medium_seed42_s1
ga,medium_seed42,2,551611597.6838298,3.440152304475277,56.48101833972543,17939.98800711172,571.3854187049747,68.85967779159546,7949,True,medium,3600,medium_seed42_s2
ga,medium_seed42,3,551611597.6838298,3.440152304475277,56.48101833972543,17939.98800711172,571.3854187049747,74.68572568893433,8194,True,medium,3600,medium_seed42_s3
ga,medium_seed42,4,551611597.6838298,3.440152304475277,56.48101833972543,17939.98800711172,571.3854187049747,81.94021391868591,9147,True,medium,3600,medium_seed42_s4
ga,medium_seed42,5,551611597.6838298,3.440152304475277,56.48101833972543,17939.98800711172,571.3854187049747,78.64272737503052,8913,True,medium,3600,medium_seed42_s5
ga,medium_seed42,6,551611597.6838298,3.440152304475277,56.48101833972543,17939.98800711172,571.3854187049747,79.64562129974365,9071,True,medium,3600,medium_seed42_s6
ga,medium_seed42,7,551611597.6838298,3.440152304475277,56.48101833972543,17939.98800711172,571.3854187049747,74.43387246131897,8507,True,medium,3600,medium_seed42_s7
ga,medium_seed42,8,551611597.6838298,3.440152304475277,56.48101833972543,17939.98800711172,571.3854187049747,73.53897333145142,8428,True,medium,3600,medium_seed42_s8
ga,medium_seed42,9,551611597.6838298,3.440152304475277,56.48101833972543,17939.98800711172,571.3854187049747,80.83326435089111,7381,True,medium,3600,medium_seed42_s9
ga,medium_seed42,10,551611597.6838298,3.440152304475277,56.48101833972543,17939.98800711172,571.3854187049747,122.94421863555908,8987,True,medium,3600,medium_seed42_s10
ga,medium_seed42,11,551611597.6838298,3.440152304475277,56.48101833972543,17939.98800711172,571.3854187049747,128.33115601539612,9550,True,medium,3600,medium_seed42_s11
ga,medium_seed42,12,551611597.6838298,3.440152304475277,56.48101833972543,17939.98800711172,571.3854187049747,79.25311851501465,7623,True,medium,3600,medium_seed42_s12
ga,medium_seed42,13,551611597.6838298,3.440152304475277,56.48101833972543,17939.98800711172,571.3854187049747,82.12885403633118,8823,True,medium,3600,medium_seed42_s13
ga,medium_seed42,14,551611597.6838298,3.440152304475277,56.48101833972543,17939.98800711172,571.3854187049747,89.55254483222961,9543,True,medium,3600,medium_seed42_s14
ga,medium_seed42,15,551611597.6838298,3.440152304475277,56.48101833972543,17939.98800711172,571.3854187049747,83.68783688545227,8912,True,medium,3600,medium_seed42_s15
ga,medium_seed42,16,551611597.6838298,3.440152304475277,56.48101833972543,17939.98800711172,571.3854187049747,70.55527424812317,7541,True,medium,3600,medium_seed42_s16
ga,medium_seed42,17,551611597.6838298,3.440152304475277,56.48101833972543,17939.98800711172,571.3854187049747,80.81751036643982,9230,True,medium,3600,medium_seed42_s17
ga,medium_seed42,18,551611597.6838298,3.440152304475277,56.48101833972543,17939.98800711172,571.3854187049747,86.82859134674072,11557,True,medium,3600,medium_seed42_s18
ga,medium_seed42,19,551611597.6838298,3.440152304475277,56.48101833972543,17939.98800711172,571.3854187049747,79.38570022583008,10594,True,medium,3600,medium_seed42_s19
ga,medium_seed42,20,551611597.6838298,3.440152304475277,56.48101833972543,17939.98800711172,571.3854187049747,69.09056234359741,9227,True,medium,3600,medium_seed42_s20
ga,medium_seed42,21,551611597.6838298,3.440152304475277,56.48101833972543,17939.98800711172,571.3854187049747,60.97887015342712,8182,True,medium,3600,medium_seed42_s21
ga,medium_seed42,22,551611597.6838298,3.440152304475277,56.48101833972543,17939.98800711172,571.3854187049747,50.25178265571594,6738,True,medium,3600,medium_seed42_s22
ga,medium_seed42,23,551611597.6838298,3.440152304475277,56.48101833972543,17939.98800711172,571.3854187049747,64.77535629272461,8671,True,medium,3600,medium_seed42_s23
ga,medium_seed42,24,551611597.6838298,3.440152304475277,56.48101833972543,17939.98800711172,571.3854187049747,63.00549221038818,8427,True,medium,3600,medium_seed42_s24
ga,medium_seed42,25,551611597.6838298,3.440152304475277,56.48101833972543,17939.98800711172,571.3854187049747,70.84099507331848,9466,True,medium,3600,medium_seed42_s25
ga,medium_seed42,26,551611597.6838298,3.440152304475277,56.48101833972543,17939.98800711172,571.3854187049747,67.48165535926819,8990,True,medium,3600,medium_seed42_s26
ga,medium_seed42,27,551611597.6838298,3.440152304475277,56.48101833972543,17939.98800711172,571.3854187049747,63.44900321960449,8504,True,medium,3600,medium_seed42_s27
ga,medium_seed42,28,551611597.6838298,3.440152304475277,56.48101833972543,17939.98800711172,571.3854187049747,66.96552658081055,8982,True,medium,3600,medium_seed42_s28
ga,medium_seed42,29,551611597.6838298,3.440152304475277,56.48101833972543,17939.98800711172,571.3854187049747,68.88151478767395,9150,True,medium,3600,medium_seed42_s29
ga,medium_seed42,30,551611597.6838298,3.440152304475277,56.48101833972543,17939.98800711172,571.3854187049747,52.497926473617554,6981,True,medium,3600,medium_seed42_s30
ga,medium_seed123,1,557587550.8502722,3.328640728981456,57.05428395569025,17676.23881302,0.0,64.75549507141113,8667,True,medium,3600,medium_seed123_s1
ga,medium_seed123,2,557587550.8502722,3.328640728981456,57.05428395569025,17676.23881302,0.0,59.29800033569336,7949,True,medium,3600,medium_seed123_s2
ga,medium_seed123,3,557587550.8502722,3.328640728981456,57.05428395569025,17676.23881302,0.0,59.39146304130554,7946,True,medium,3600,medium_seed123_s3
ga,medium_seed123,4,557587550.8502722,3.328640728981456,57.05428395569025,17676.23881302,0.0,70.13708257675171,9308,True,medium,3600,medium_seed123_s4
ga,medium_seed123,5,557587550.8502722,3.328640728981456,57.05428395569025,17676.23881302,0.0,74.20196866989136,9791,True,medium,3600,medium_seed123_s5
ga,medium_seed123,6,557587550.8502722,3.328640728981456,57.05428395569025,17676.23881302,0.0,60.54207682609558,8106,True,medium,3600,medium_seed123_s6
ga,medium_seed123,7,557587550.8502722,3.328640728981456,57.05428395569025,17676.23881302,0.0,65.53159666061401,8747,True,medium,3600,medium_seed123_s7
ga,medium_seed123,8,557587550.8502722,3.328640728981456,57.05428395569025,17676.23881302,0.0,57.92604422569275,7784,True,medium,3600,medium_seed123_s8
ga,medium_seed123,9,557587550.8502722,3.328640728981456,57.05428395569025,17676.23881302,0.0,67.1890881061554,8988,True,medium,3600,medium_seed123_s9
ga,medium_seed123,10,557587550.8502722,3.328640728981456,57.05428395569025,17676.23881302,0.0,72.40605425834656,9707,True,medium,3600,medium_seed123_s10
ga,medium_seed123,11,557587550.8502722,3.328640728981456,57.05428395569025,17676.23881302,0.0,62.76965641975403,8350,True,medium,3600,medium_seed123_s11
ga,medium_seed123,12,557587550.8502722,3.328640728981456,57.05428395569025,17676.23881302,0.0,68.08819270133972,9148,True,medium,3600,medium_seed123_s12
ga,medium_seed123,13,557587550.8502722,3.328640728981456,57.05428395569025,17676.23881302,0.0,68.83991265296936,9225,True,medium,3600,medium_seed123_s13
ga,medium_seed123,14,557587550.8502722,3.328640728981456,57.05428395569025,17676.23881302,0.0,63.10015249252319,7623,True,medium,3600,medium_seed123_s14
ga,medium_seed123,15,557587550.8502722,3.328640728981456,57.05428395569025,17676.23881302,0.0,75.50833320617676,7948,True,medium,3600,medium_seed123_s15
ga,medium_seed123,16,557587550.8502722,3.328640728981456,57.05428395569025,17676.23881302,0.0,77.7464108467102,8258,True,medium,3600,medium_seed123_s16
ga,medium_seed123,17,557587550.8502722,3.328640728981456,57.05428395569025,17676.23881302,0.0,87.28855490684509,9230,True,medium,3600,medium_seed123_s17
ga,medium_seed123,18,557587550.8502722,3.328640728981456,57.05428395569025,17676.23881302,0.0,108.20170068740843,11397,True,medium,3600,medium_seed123_s18
ga,medium_seed123,19,557587550.8502722,3.328640728981456,57.05428395569025,17676.23881302,0.0,84.2297854423523,8906,True,medium,3600,medium_seed123_s19
ga,medium_seed123,20,557587550.8502722,3.328640728981456,57.05428395569025,17676.23881302,0.0,97.34133100509644,10270,True,medium,3600,medium_seed123_s20
ga,medium_seed123,21,557587550.8502722,3.328640728981456,57.05428395569025,17676.23881302,0.0,81.80546426773071,8665,True,medium,3600,medium_seed123_s21
ga,medium_seed123,22,557587550.8502722,3.328640728981456,57.05428395569025,17676.23881302,0.0,63.69914937019348,6738,True,medium,3600,medium_seed123_s22
ga,medium_seed123,23,557587550.8502722,3.328640728981456,57.05428395569025,17676.23881302,0.0,80.75649118423462,8590,True,medium,3600,medium_seed123_s23
ga,medium_seed123,24,557587550.8502722,3.328640728981456,57.05428395569025,17676.23881302,0.0,83.23495554924011,8748,True,medium,3600,medium_seed123_s24
ga,medium_seed123,25,557587550.8502722,3.328640728981456,57.05428395569025,17676.23881302,0.0,84.05178737640381,8906,True,medium,3600,medium_seed123_s25
ga,medium_seed123,26,557587550.8502722,3.328640728981456,57.05428395569025,17676.23881302,0.0,75.20198678970337,8026,True,medium,3600,medium_seed123_s26
ga,medium_seed123,27,557587550.8502722,3.328640728981456,57.05428395569025,17676.23881302,0.0,80.21481418609619,8504,True,medium,3600,medium_seed123_s27
ga,medium_seed123,28,557587550.8502722,3.328640728981456,57.05428395569025,17676.23881302,0.0,91.72950983047484,9622,True,medium,3600,medium_seed123_s28
ga,medium_seed123,29,557587550.8502722,3.328640728981456,57.05428395569025,17676.23881302,0.0,89.54067850112915,9474,True,medium,3600,medium_seed123_s29
ga,medium_seed123,30,557587550.8502722,3.328640728981456,57.05428395569025,17676.23881302,0.0,81.12994623184204,8107,True,medium,3600,medium_seed123_s30
ga,medium_seed456,1,555143346.2972611,3.399011304876867,56.84970990595867,17820.384133790027,0.0,105.62168502807616,11153,True,medium,3600,medium_seed456_s1
ga,medium_seed456,2,555143346.2972611,3.399011304876867,56.84970990595867,17820.384133790027,0.0,75.45010995864868,7949,True,medium,3600,medium_seed456_s2
ga,medium_seed456,3,555143346.2972611,3.399011304876867,56.84970990595867,17820.384133790027,0.0,77.78421449661255,8194,True,medium,3600,medium_seed456_s3
ga,medium_seed456,4,555143346.2972611,3.399011304876867,56.84970990595867,17820.384133790027,0.0,86.0623230934143,9147,True,medium,3600,medium_seed456_s4
ga,medium_seed456,5,555143346.2972611,3.399011304876867,56.84970990595867,17820.384133790027,0.0,90.96755051612854,9552,True,medium,3600,medium_seed456_s5
ga,medium_seed456,6,555143346.2972611,3.399011304876867,56.84970990595867,17820.384133790027,0.0,85.86107230186462,9071,True,medium,3600,medium_seed456_s6
ga,medium_seed456,7,555143346.2972611,3.399011304876867,56.84970990595867,17820.384133790027,0.0,65.68858313560486,6904,True,medium,3600,medium_seed456_s7
ga,medium_seed456,8,555143346.2972611,3.399011304876867,56.84970990595867,17820.384133790027,0.0,91.4875316619873,9710,True,medium,3600,medium_seed456_s8
ga,medium_seed456,9,555143346.2972611,3.399011304876867,56.84970990595867,17820.384133790027,0.0,69.95668578147888,7381,True,medium,3600,medium_seed456_s9
ga,medium_seed456,10,555143346.2972611,3.399011304876867,56.84970990595867,17820.384133790027,0.0,85.55355262756348,9146,True,medium,3600,medium_seed456_s10
ga,medium_seed456,11,555143346.2972611,3.399011304876867,56.84970990595867,17820.384133790027,0.0,91.67416429519652,9550,True,medium,3600,medium_seed456_s11
ga,medium_seed456,12,555143346.2972611,3.399011304876867,56.84970990595867,17820.384133790027,0.0,84.6580855846405,8833,True,medium,3600,medium_seed456_s12
ga,medium_seed456,13,555143346.2972611,3.399011304876867,56.84970990595867,17820.384133790027,0.0,79.82901906967163,8423,True,medium,3600,medium_seed456_s13
ga,medium_seed456,14,555143346.2972611,3.399011304876867,56.84970990595867,17820.384133790027,0.0,72.85201048851013,7705,True,medium,3600,medium_seed456_s14
ga,medium_seed456,15,555143346.2972611,3.399011304876867,56.84970990595867,17820.384133790027,0.0,85.4682183265686,9072,True,medium,3600,medium_seed456_s15
ga,medium_seed456,16,555143346.2972611,3.399011304876867,56.84970990595867,17820.384133790027,0.0,88.67352294921875,9308,True,medium,3600,medium_seed456_s16
ga,medium_seed456,17,555143346.2972611,3.399011304876867,56.84970990595867,17820.384133790027,0.0,88.04592633247375,9230,True,medium,3600,medium_seed456_s17
ga,medium_seed456,18,555143346.2972611,3.399011304876867,56.84970990595867,17820.384133790027,0.0,108.87092804908752,11397,True,medium,3600,medium_seed456_s18
ga,medium_seed456,19,555143346.2972611,3.399011304876867,56.84970990595867,17820.384133790027,0.0,79.00107264518738,8265,True,medium,3600,medium_seed456_s19
ga,medium_seed456,20,555143346.2972611,3.399011304876867,56.84970990595867,17820.384133790027,0.0,86.61654376983643,9227,True,medium,3600,medium_seed456_s20
ga,medium_seed456,21,555143346.2972611,3.399011304876867,56.84970990595867,17820.384133790027,0.0,76.9310212135315,8182,True,medium,3600,medium_seed456_s21
ga,medium_seed456,22,555143346.2972611,3.399011304876867,56.84970990595867,17820.384133790027,0.0,64.24573373794556,6738,True,medium,3600,medium_seed456_s22
ga,medium_seed456,23,555143346.2972611,3.399011304876867,56.84970990595867,17820.384133790027,0.0,107.58351063728333,11476,True,medium,3600,medium_seed456_s23
ga,medium_seed456,24,555143346.2972611,3.399011304876867,56.84970990595867,17820.384133790027,0.0,82.99237084388733,8748,True,medium,3600,medium_seed456_s24
ga,medium_seed456,25,555143346.2972611,3.399011304876867,56.84970990595867,17820.384133790027,0.0,87.1581506729126,9225,True,medium,3600,medium_seed456_s25
ga,medium_seed456,26,555143346.2972611,3.399011304876867,56.84970990595867,17820.384133790027,0.0,75.45880699157715,8026,True,medium,3600,medium_seed456_s26
ga,medium_seed456,27,555143346.2972611,3.399011304876867,56.84970990595867,17820.384133790027,0.0,79.67369103431702,8504,True,medium,3600,medium_seed456_s27
ga,medium_seed456,28,555143346.2972611,3.399011304876867,56.84970990595867,17820.384133790027,0.0,71.27180576324463,8019,True,medium,3600,medium_seed456_s28
ga,medium_seed456,29,555143346.2972611,3.399011304876867,56.84970990595867,17820.384133790027,0.0,61.06263875961304,8190,True,medium,3600,medium_seed456_s29
ga,medium_seed456,30,555143346.2972611,3.399011304876867,56.84970990595867,17820.384133790027,0.0,64.26129174232483,8584,True,medium,3600,medium_seed456_s30
ga,large_seed42,1,1633508937.4147625,18.120195043809968,65.69093758225307,68682.04364145569,0.0,609.1328377723694,16109,True,large,19200,large_seed42_s1
ga,large_seed42,2,1630492684.4946642,18.27138503435085,65.70974615564027,69224.47064961302,0.0,615.7191197872162,16118,True,large,19200,large_seed42_s2
ga,large_seed42,3,1613392820.7083905,19.128517480662044,64.07796871793401,60899.56075508262,0.0,660.771886587143,16110,True,large,19200,large_seed42_s3
ga,large_seed42,4,1606009335.0988522,19.498615462839368,64.23920325291412,63913.53983830092,0.0,756.7869408130646,16120,True,large,19200,large_seed42_s4
ga,large_seed42,5,1616947913.1442585,18.95031810349134,64.53686452593107,63800.160461551546,0.0,760.8279893398285,16125,True,large,19200,large_seed42_s5
ga,large_seed42,6,1616903616.1120267,18.952538496827547,64.49143559917681,63632.6726262159,0.0,763.6114709377289,16110,True,large,19200,large_seed42_s6
ga,large_seed42,7,1613640785.6435702,19.116088212561056,64.24263558320959,62541.87245240785,0.0,763.1281716823578,16124,True,large,19200,large_seed42_s7
ga,large_seed42,8,1616185302.0899692,18.98854406170462,65.01521312079761,67420.65556682182,0.0,737.6686861515045,16120,True,large,19200,large_seed42_s8
ga,large_seed42,9,1632578246.9100332,18.166846001913942,65.20107777215044,65003.00418210828,0.0,608.2156383991241,16117,True,large,19200,large_seed42_s9
ga,large_seed42,10,1620506114.13547,18.771962909661536,65.14729463242482,67369.75109375473,0.0,609.9941363334656,16119,True,large,19200,large_seed42_s10
ga,large_seed42,11,1603584697.1335857,19.620150692392265,64.30010734252252,64854.26407184519,0.0,672.7963130474091,16115,True,large,19200,large_seed42_s11
ga,large_seed42,12,1621317386.979951,18.73129777416648,64.98939798209169,66146.12851487461,0.0,733.2066097259521,16114,True,large,19200,large_seed42_s12
ga,large_seed42,13,1631005379.072785,18.2456861654331,65.5360805669076,68000.71286302064,0.0,705.5032179355621,16120,True,large,19200,large_seed42_s13
ga,large_seed42,14,1635927068.166079,17.998985989031414,66.15865983894982,71498.54833588656,0.0,629.338853597641,16125,True,large,19200,large_seed42_s14
ga,large_seed42,15,1603966575.1392317,19.60100901774134,65.25456531910034,71871.06616556793,0.0,704.4020884037018,16125,True,large,19200,large_seed42_s15
ga,large_seed42,16,1627623711.986766,18.415192578950617,65.17577071990411,66271.541162038,0.0,773.7004489898682,16118,True,large,19200,large_seed42_s16
ga,large_seed42,17,1628485728.448203,18.37198391439124,65.96675056506622,71745.33948236666,0.0,1253.293207168579,16111,True,large,19200,large_seed42_s17
ga,large_seed42,18,1631003712.046949,18.245769725276062,65.58031226781411,68408.91569474379,0.0,1206.0505685806274,16133,True,large,19200,large_seed42_s18
ga,large_seed42,19,1606199138.9223185,19.48910152649693,64.1071641550443,63089.44673933135,0.0,1211.6079216003418,16110,True,large,19200,large_seed42_s19
ga,large_seed42,20,1600036783.943316,19.79799020913254,64.08811967768489,64015.16438946703,0.0,994.1405513286592,16120,True,large,19200,large_seed42_s20
ga,large_seed42,21,1637962262.7166162,17.89697165104462,65.88609200045929,68805.25036926894,0.0,668.6286268234253,16116,True,large,19200,large_seed42_s21
ga,large_seed42,22,1630077279.5403306,18.29220725078298,65.23140895918101,65921.57298072029,0.0,634.4560813903809,16119,True,large,19200,large_seed42_s22
ga,large_seed42,23,1634799285.275669,18.055516223414973,66.21804515065463,72124.27842554828,0.0,743.596893787384,16120,True,large,19200,large_seed42_s23
ga,large_seed42,24,1626058315.378744,18.493658246329677,65.72565678744569,70337.8971360959,0.0,669.3955764770508,16117,True,large,19200,large_seed42_s24
ga,large_seed42,25,1614131701.3396893,19.091481012363072,64.36030580132224,63145.99759822407,0.0,640.864691734314,16117,True,large,19200,large_seed42_s25
ga,large_seed42,26,1636858152.9123728,17.952315269528114,66.42065934859541,72782.01116973675,0.0,647.2261929512024,16123,True,large,19200,large_seed42_s26
ga,large_seed42,27,1627688609.8690584,18.41193956586788,65.42403183785494,67817.73866029341,0.0,926.858447790146,16115,True,large,19200,large_seed42_s27
ga,large_seed42,28,1645146768.6622236,17.53684754516496,66.77569240672413,73947.9610444996,0.0,1387.4248473644257,16120,True,large,19200,large_seed42_s28
ga,large_seed42,29,1620892027.0458715,18.752618984991148,65.09156163913318,66708.67042516658,0.0,1145.441300868988,16120,True,large,19200,large_seed42_s29
ga,large_seed42,30,1598927989.1813068,19.853568661610087,63.956210905005165,63434.39601409106,0.0,1143.6293330192566,16119,True,large,19200,large_seed42_s30
ga,large_seed123,1,1602586950.5187554,19.14832246578998,64.30312693283167,65046.68206273666,0.0,1410.6633496284485,16118,True,large,19200,large_seed123_s1
ga,large_seed123,2,1614067138.9656923,18.56913860681544,65.49846454075976,71376.7455173656,0.0,1595.6057448387146,16118,True,large,19200,large_seed123_s2
ga,large_seed123,3,1613142646.0592504,18.61577994651317,65.66449649082183,72780.08174974444,0.0,903.6176297664642,16111,True,large,19200,large_seed123_s3
ga,large_seed123,4,1603516108.5612955,19.101445766582213,64.72487732157866,68176.6746184621,0.0,689.7154626846313,16119,True,large,19200,large_seed123_s4
ga,large_seed123,5,1585505986.1571753,20.01006954421763,64.27467169094413,68597.29014565374,0.0,2128.120905637741,16108,True,large,19200,large_seed123_s5
ga,large_seed123,6,1626807975.6225872,17.92635412852809,66.08146247168547,72694.08229969605,0.0,749.9472434520721,16122,True,large,19200,large_seed123_s6
ga,large_seed123,7,1606457854.7933233,18.95303252905872,64.50830686986741,65744.39176479467,0.0,703.7912938594818,16115,True,large,19200,large_seed123_s7
ga,large_seed123,8,1611683305.122589,18.68940475843692,64.47238810691856,64627.67800532428,0.0,736.0736742019653,16127,True,large,19200,large_seed123_s8
ga,large_seed123,9,1618542109.654487,18.343373080028677,65.88461008106785,73378.6663835192,0.0,787.0347065925598,16125,True,large,19200,large_seed123_s9
ga,large_seed123,10,1576485018.3726723,20.46518393169161,63.789841344527154,66962.83304947862,0.0,785.9630815982819,16123,True,large,19200,large_seed123_s10
ga,large_seed123,11,1597533998.053862,19.403247593662154,64.3969114189276,66836.18901608826,0.0,785.7027263641357,16116,True,large,19200,large_seed123_s11
ga,large_seed123,12,1611866469.5089996,18.6801639818906,64.81213632435846,67013.19750946386,0.0,1733.2563908100128,16122,True,large,19200,large_seed123_s12
ga,large_seed123,13,1605652773.3125322,18.99364947546067,64.74297292870031,67844.27594326231,0.0,3413.4261021614075,16112,True,large,19200,large_seed123_s13
ga,large_seed123,14,1586547470.141565,19.95752591952652,64.6718158384331,71479.30349077462,0.0,1377.2648968696594,16118,True,large,19200,large_seed123_s14
ga,large_seed123,15,1618604106.2818117,18.340245305077644,65.06939683959693,67408.78065000083,0.0,1207.8415749073029,16112,True,large,19200,large_seed123_s15
ga,large_seed123,16,1604093962.9995806,19.07229258978215,64.14949698025106,63522.05193154746,0.0,1090.815150499344,16111,True,large,19200,large_seed123_s16
ga,large_seed123,17,1609585809.8865476,18.795224919021088,64.9208874235552,68098.43127486523,0.0,781.2220146656036,16111,True,large,19200,large_seed123_s17
ga,large_seed123,18,1608077059.7286873,18.8713424620995,64.3224085397195,64006.72319979551,0.0,836.4585785865784,16116,True,large,19200,large_seed123_s18
ga,large_seed123,19,1611715041.8849475,18.68780361568748,64.90509424769112,67328.13219630945,0.0,999.2106318473816,16110,True,large,19200,large_seed123_s19
ga,large_seed123,20,1599439228.680503,19.307127322494576,63.92641602740103,62993.79253800053,0.0,1025.0617008209229,16118,True,large,19200,large_seed123_s20
ga,large_seed123,21,1604982931.0842483,19.0274435031872,64.33299941485575,64549.83063842502,0.0,1128.8648512363434,16115,True,large,19200,large_seed123_s21
ga,large_seed123,22,1611413409.738366,18.703021176919624,64.62016938793806,65559.17253803466,0.0,1137.5849165916443,16124,True,large,19200,large_seed123_s22
ga,large_seed123,23,1605658232.2207215,18.99337406957116,64.56962156770157,66332.4688946182,0.0,1063.5374665260315,16124,True,large,19200,large_seed123_s23
ga,large_seed123,24,1615972571.4403028,18.473008152270957,65.3256382555864,69742.34177829181,0.0,755.1416597366333,16120,True,large,19200,large_seed123_s24
ga,large_seed123,25,1612154383.927286,18.665638490030577,64.98695993652844,67962.38310972574,0.0,758.7016701698303,16114,True,large,19200,large_seed123_s25
ga,large_seed123,26,1624917530.1067276,18.021728480100588,65.98322538904853,72559.51293689478,0.0,942.9242951869963,16119,True,large,19200,large_seed123_s26
ga,large_seed123,27,1591635254.756918,19.70084348432332,64.3204640254422,67466.21055563449,0.0,873.1631906032562,13711,True,large,19200,large_seed123_s27
ga,large_seed123,28,1618255033.1129172,18.357856300398783,65.98630951524895,73943.65304229896,0.0,1259.1857249736786,16121,True,large,19200,large_seed123_s28
ga,large_seed123,29,1611889963.698417,18.67897868294249,64.95865820973164,67859.32528280173,0.0,1342.2767655849457,16122,True,large,19200,large_seed123_s29
ga,large_seed123,30,1604091338.3329043,19.07242500612541,64.46033075131801,65967.79325391029,0.0,2092.0301764011383,16118,True,large,19200,large_seed123_s30
ga,large_seed456,1,1626545050.1951132,18.393412969942023,65.37397904965965,67065.4142087721,0.0,4297.481090545654,16115,True,large,19200,large_seed456_s1
ga,large_seed456,2,1609859681.2409096,19.23054687750057,65.27834693216889,69983.94222794398,0.0,1412.4973692893982,16121,True,large,19200,large_seed456_s2
ga,large_seed456,3,1609299933.0843184,19.258630413613076,65.02810687045117,68202.47323271583,0.0,1372.25355553627,16116,True,large,19200,large_seed456_s3
ga,large_seed456,4,1615380905.4242442,18.95353748155687,65.53898953955836,70974.41063002445,0.0,1298.11812376976,16127,True,large,19200,large_seed456_s4
ga,large_seed456,5,1629983797.4250927,18.220885055597424,65.73302858209007,68599.16750916351,0.0,13592.643455982208,16119,True,large,19200,large_seed456_s5
ga,large_seed456,6,1620847588.8299725,18.67926449104744,65.4261003747248,67737.35154568276,0.0,1213.60169839859,16118,True,large,19200,large_seed456_s6
ga,large_seed456,7,1615688960.193933,18.93808183932328,65.19236365732611,68189.49442366378,0.0,1146.6821353435516,16118,True,large,19200,large_seed456_s7
ga,large_seed456,8,1626032227.8501391,18.419142156675008,65.29847900173704,66678.62489191935,0.0,1136.3755586147308,16117,True,large,19200,large_seed456_s8
ga,large_seed456,9,1608710265.861132,19.28821504120267,64.7321983882022,66047.8475008248,0.0,1149.2177686691284,16117,True,large,19200,large_seed456_s9
ga,large_seed456,10,1618446463.9498086,18.799733091950696,66.02681087923796,73414.34839638759,0.0,1127.9623854160309,16112,True,large,19200,large_seed456_s10
ga,large_seed456,11,1598167378.4200318,19.81716999477561,64.19266462329828,64604.03869802399,0.0,1122.7770597934723,16118,True,large,19200,large_seed456_s11
ga,large_seed456,12,1628062084.6311588,18.317300720411705,66.1358446582887,72089.0178620935,0.0,1116.302315235138,16118,True,large,19200,large_seed456_s12
ga,large_seed456,13,1629635455.2128816,18.23836198871627,65.90440354194443,70147.53495374946,0.0,1125.774045228958,16122,True,large,19200,large_seed456_s13
ga,large_seed456,14,1625337056.767558,18.45402009592707,66.0561019305486,72211.82930284504,0.0,1110.803913116455,16122,True,large,19200,large_seed456_s14
ga,large_seed456,15,1593541965.611162,20.049234979936465,64.48962454159056,67605.20383897911,0.0,1129.7554340362549,16113,True,large,19200,large_seed456_s15
ga,large_seed456,16,1624137019.0774148,18.51422806876389,65.04545584882787,65294.448756678365,0.0,807.7331337928772,16125,True,large,19200,large_seed456_s16
ga,large_seed456,17,1626164157.2204506,18.41252303128475,65.99781793841578,71571.67560638745,0.0,614.1986961364746,16117,True,large,19200,large_seed456_s17
ga,large_seed456,18,1619443357.5972536,18.74971720816674,65.30009519945783,68114.46033508412,0.0,615.9059565067291,16123,True,large,19200,large_seed456_s18
ga,large_seed456,19,1618886808.2448804,18.77764025472208,64.97233281447976,65836.37273932474,0.0,627.922167301178,16114,True,large,19200,large_seed456_s19
ga,large_seed456,20,1630848120.7785883,18.17752045345457,66.32041898358152,72748.90400846799,0.0,715.7619848251343,16118,True,large,19200,large_seed456_s20
ga,large_seed456,21,1621121037.4453654,18.66554509961242,65.55415546528532,69377.49652120736,0.0,676.8741710186005,16122,True,large,19200,large_seed456_s21
ga,large_seed456,22,1629463485.349184,18.24699001512519,65.35014271854975,66293.7382840871,0.0,682.292400598526,16125,True,large,19200,large_seed456_s22
ga,large_seed456,23,1618141471.8158305,18.81503507643737,65.69929294114462,71120.63724418143,0.0,709.1314659118652,16116,True,large,19200,large_seed456_s23
ga,large_seed456,24,1606508459.689134,19.39868347672305,64.8774401195492,67419.51813772206,0.0,911.646755695343,16117,True,large,19200,large_seed456_s24
ga,large_seed456,25,1634433460.0360942,17.997637762769273,65.91319784641499,69228.34899985274,0.0,3930.934370994568,16110,True,large,19200,large_seed456_s25
ga,large_seed456,26,1622791311.03328,18.58174457598118,65.1852696401746,66726.38631398782,0.0,3351.669770717621,16126,True,large,19200,large_seed456_s26
ga,large_seed456,27,1631525646.5087438,18.14352781214629,65.58649860762993,67353.88101253724,0.0,949.0139253139496,16120,True,large,19200,large_seed456_s27
ga,large_seed456,28,1624685737.463295,18.48669791538329,65.45463350909206,67960.65231066756,0.0,1302.056405544281,16120,True,large,19200,large_seed456_s28
ga,large_seed456,29,1617329125.28094,18.855791911417228,65.00407172999604,66142.23431805504,0.0,1143.1367933750153,16123,True,large,19200,large_seed456_s29
ga,large_seed456,30,1606333688.5859573,19.407452046176463,64.88471521904688,67940.31736787158,0.0,1598.559138059616,16111,True,large,19200,large_seed456_s30
sa,small_seed42,1,514861522.9600281,9.916129357176844,54.84201446379766,16753.084546356567,397.9738151740946,13.699708938598633,788,True,small,1440,small_seed42_s1
sa,small_seed42,2,524189622.5877597,8.284018036492318,55.25661216976889,17104.982067712834,390.7738151740947,13.494262218475342,771,True,small,1440,small_seed42_s2
sa,small_seed42,3,535152615.1906085,6.365854096379953,55.73127145886485,17294.601858588143,459.9738151740946,15.339154243469238,801,True,small,1440,small_seed42_s3
sa,small_seed42,4,514097407.2886095,10.04982452418892,54.82167938883566,16990.709346427135,260.5138137232485,13.552820444107056,744,True,small,1440,small_seed42_s4
sa,small_seed42,5,422982141.8805967,25.992005900285186,50.86564253511825,15174.626334766084,455.9738151740946,12.676632404327393,793,True,small,1440,small_seed42_s5
sa,small_seed42,6,522718158.40675485,8.54147598008675,55.21508965905896,17511.278515788534,361.5102287112891,11.942396640777588,734,True,small,1440,small_seed42_s6
sa,small_seed42,7,537238034.4917196,6.000974154532125,55.8232410018174,17373.660844390608,485.17381517409456,12.340137243270874,730,True,small,1440,small_seed42_s7
sa,small_seed42,8,535490591.7668557,6.306719286693811,55.75064379511095,17416.01260247183,454.7738151740947,14.017199516296388,807,True,small,1440,small_seed42_s8
sa,small_seed42,9,514215345.9563018,10.02918912765918,54.831617060149526,17063.848998161604,309.76744670041853,13.37308645248413,803,True,small,1440,small_seed42_s9
sa,small_seed42,10,514503681.6877597,9.978739836779909,54.82754622576621,16744.777484379498,425.57381517409465,13.443891048431396,732,True,small,1440,small_seed42_s10
sa,small_seed42,11,482200691.4786624,15.6307030571867,53.42962169853164,16191.377195239837,359.17381517409467,16.51776361465454,807,True,small,1440,small_seed42_s11
sa,small_seed42,12,492354731.80433255,13.854079218720724,53.87887414565707,16579.923850591094,369.52995638732784,15.894776582717896,787,True,small,1440,small_seed42_s12
sa,small_seed42,13,477969781.3797736,16.37097348147184,53.27394359748,16665.46722270897,466.9738151740946,16.74833917617798,767,True,small,1440,small_seed42_s13
sa,small_seed42,14,514738392.88648,9.93767307936836,54.849982786040464,16996.363479753745,358.310228711289,12.956207036972046,777,True,small,1440,small_seed42_s14
sa,small_seed42,15,527519307.466642,7.701432450787387,55.40380870565146,17245.18783864234,453.3738151740946,12.42156147956848,734,True,small,1440,small_seed42_s15
sa,small_seed42,16,541255504.3426293,5.298048769313759,56.006459863177774,17616.353899693473,454.9738151740946,12.375410795211792,745,True,small,1440,small_seed42_s16
sa,small_seed42,17,517576677.22270286,9.441066462657355,54.99553971974272,17502.808412854556,387.5102287112891,13.240480899810793,811,True,small,1440,small_seed42_s17
sa,small_seed42,18,507250182.1504892,11.24786422243338,54.50513614260668,16452.184754177717,399.110228711289,13.579265356063845,793,True,small,1440,small_seed42_s18
sa,small_seed42,19,521234219.4915058,8.801116592798696,55.12960213700907,17070.51691389445,475.3738151740946,11.906579494476318,730,True,small,1440,small_seed42_s19
sa,small_seed42,20,537055057.808367,6.032989069492214,55.8126881465314,17308.068987184717,400.52995638732784,12.191992998123167,754,True,small,1440,small_seed42_s20
sa,small_seed42,21,530832025.1134588,7.1218155738913245,55.54564141098511,17248.717838351953,491.17381517409456,15.64889359474182,860,True,small,1440,small_seed42_s21
sa,small_seed42,22,536578783.6791964,6.116321412519261,55.78744897335476,17209.99625917653,421.3299563873279,12.882058143615724,740,True,small,1440,small_seed42_s22
sa,small_seed42,23,523167250.8906086,8.462899532987816,55.20768387189237,17001.39727525481,447.17381517409456,13.77448058128357,777,True,small,1440,small_seed42_s23
sa,small_seed42,24,505192177.4415183,11.607947510303472,54.43267529058347,16742.87303889101,253.3738151740946,13.150647640228271,740,True,small,1440,small_seed42_s24
sa,small_seed42,25,500196723.1209048,12.4819880838408,54.22125807259089,16755.058322392746,280.9138137232484,12.120834112167358,697,True,small,1440,small_seed42_s25
sa,small_seed42,26,506689593.808367,11.345948785842335,54.48152530318339,16453.420653851386,400.92995638732793,12.891301155090332,700,True,small,1440,small_seed42_s26
sa,small_seed42,27,511547968.7522559,10.495892604787237,54.70794309908831,16868.24571518219,338.17381517409467,13.386098384857178,744,True,small,1440,small_seed42_s27
sa,small_seed42,28,437735364.4171761,23.41067610327648,51.50394936642396,15422.906902579038,431.52995638732784,12.734838724136353,763,True,small,1440,small_seed42_s28
sa,small_seed42,29,540137213.3706019,5.493712991192262,55.95499968115397,17558.889531986784,399.7738151740947,15.035519361495972,799,True,small,1440,small_seed42_s29
sa,small_seed42,30,544721137.8212103,4.6916766399982,56.148124899717565,17511.103705839327,431.52995638732784,14.855425357818604,833,True,small,1440,small_seed42_s30
sa,small_seed123,1,544648315.1733704,5.816141119126836,56.54439161315904,17641.464580858927,215.42373801171084,13.678553342819214,760,True,small,1440,small_seed123_s1
sa,small_seed123,2,530341398.0329956,8.290179186316081,55.907050353924895,17213.650730963007,186.0237380117109,11.49388551712036,771,True,small,1440,small_seed123_s2
sa,small_seed123,3,541309563.1876149,6.393498171566316,56.38835858466778,17401.81235467985,215.42373801171084,13.470461368560793,801,True,small,1440,small_seed123_s3
sa,small_seed123,4,509330372.74582887,11.923531912210498,54.98241018508778,16805.929172458953,161.44418176203237,12.625098943710327,742,True,small,1440,small_seed123_s4
sa,small_seed123,5,429011545.128038,25.812746135563447,51.450614968761776,15284.304593451156,196.2237380117109,17.617573499679565,793,True,small,1440,small_seed123_s5
sa,small_seed123,6,528886051.6101781,8.541846433401554,55.86494620337963,17615.316959523414,56.42373801171084,15.470854759216309,734,True,small,1440,small_seed123_s6
sa,small_seed123,7,543343618.414783,6.041757121177644,56.47999702997216,17481.586180466493,183.62373801171088,17.06239676475525,730,True,small,1440,small_seed123_s7
sa,small_seed123,8,486257384.0179435,15.913451744451969,53.92815527829763,15599.292679588623,215.42373801171084,19.91866946220398,777,True,small,1440,small_seed123_s8
sa,small_seed123,9,520366131.9113762,10.015162134989463,55.47610198952045,17172.82155872698,135.7954042096236,20.825411558151245,803,True,small,1440,small_seed123_s9
sa,small_seed123,10,520655855.1652701,9.965061449282652,55.47197413162386,16853.322083108982,210.82373801171093,17.258352994918823,732,True,small,1440,small_seed123_s10
sa,small_seed123,11,488353011.52887136,15.551063244832214,54.05446772993341,16299.906358806478,172.77496045930206,22.239685773849487,807,True,small,1440,small_seed123_s11
sa,small_seed123,12,498407672.9281129,13.812350787749352,54.506055383820815,16683.010136794925,39.77496045930207,22.13497757911682,788,True,small,1440,small_seed123_s12
sa,small_seed123,13,484089688.317108,16.288302708452793,53.89513241512487,16770.39232509261,38.02833380208733,20.604361295700077,767,True,small,1440,small_seed123_s13
sa,small_seed123,14,520855099.7079448,9.930606885911644,55.49343899268615,17104.16390520454,195.84418176203235,21.16613221168518,777,True,small,1440,small_seed123_s14
sa,small_seed123,15,533555507.0649729,7.734376142292838,56.05235095188501,17352.95655541376,178.02373801171086,16.896693468093872,734,True,small,1440,small_seed123_s15
sa,small_seed123,16,547411415.0032117,5.338329295978707,56.66740177847755,17723.786294791873,197.02373801171095,17.319295167922974,745,True,small,1440,small_seed123_s16
sa,small_seed123,17,523629026.4853724,9.450922801939118,55.63873959064627,17609.22535591907,115.44418176203236,18.93785047531128,811,True,small,1440,small_seed123_s17
sa,small_seed123,18,513405848.437615,11.218776170323318,55.1450477862136,16559.82422967985,201.0237380117109,16.36938977241516,793,True,small,1440,small_seed123_s18
sa,small_seed123,19,527383489.2107674,8.80167855083087,55.778261187551145,17179.791237137506,215.42373801171084,16.81770086288452,730,True,small,1440,small_seed123_s19
sa,small_seed123,20,543213342.4951115,6.064285215898757,56.47091574259966,17414.929213708598,205.42373801171084,18.003520488739014,754,True,small,1440,small_seed123_s20
sa,small_seed123,21,536982500.7026671,7.141759813248467,56.200128264583086,17357.649156054234,215.42373801171084,20.118195295333862,860,True,small,1440,small_seed123_s21
sa,small_seed123,22,542736746.6226588,6.146701037528528,56.44532302364078,17316.95584494544,215.42373801171084,17.828172206878662,740,True,small,1440,small_seed123_s22
sa,small_seed123,23,529275490.414783,8.474502335579519,55.85586491600713,17109.068680466487,215.42373801171084,17.833931922912598,777,True,small,1440,small_seed123_s23
sa,small_seed123,24,519721044.6753905,10.12671449548946,55.43895126845111,16991.897151440047,172.77496045930206,15.670814275741575,742,True,small,1440,small_seed123_s24
sa,small_seed123,25,506317031.4909872,12.444616986008224,54.856097733452,16863.483591552067,172.3749604593021,8.708589315414429,697,True,small,1440,small_seed123_s25
sa,small_seed123,26,512846641.5358054,11.315477587472616,55.12110621041335,16560.561079102557,160.17496045930216,6.232323884963989,700,True,small,1440,small_seed123_s26
sa,small_seed123,27,517629803.2328869,10.488344529805998,55.34813839472604,16975.082552135464,137.9749604593021,6.027412176132202,744,True,small,1440,small_seed123_s27
sa,small_seed123,28,443785953.1418662,23.25786673787377,52.09786308694775,15526.515361579804,19.57955624967849,6.067768335342407,763,True,small,1440,small_seed123_s28
sa,small_seed123,29,546171794.8857167,5.55269185427448,56.61126291108386,17667.20691137904,195.84418176203235,6.459547281265259,799,True,small,1440,small_seed123_s29
sa,small_seed123,30,550876396.5184534,4.739143874919487,56.81105123327902,17618.77531833586,0.0,7.479692697525024,833,True,small,1440,small_seed123_s30
sa,small_seed456,1,518112567.6628304,9.89502837100449,55.28948515971946,16648.01224367184,162.95531489644657,7.252279281616211,788,True,small,1440,small_seed456_s1
sa,small_seed456,2,527624110.4128304,8.240875696224242,55.7125486962447,16998.88661867184,133.5553148964466,7.812296390533447,771,True,small,1440,small_seed456_s2
sa,small_seed456,3,538447629.832623,6.358557120850569,56.18515879546481,17185.985390951646,108.5553148964466,7.997021913528442,801,True,small,1440,small_seed456_s3
sa,small_seed456,4,517382053.6905571,10.022072077053132,55.26978782172871,16882.83737485886,131.75531489644663,7.541826725006103,744,True,small,1440,small_seed456_s4
sa,small_seed456,5,426312095.2241792,25.8600511882004,51.29160217420859,15068.432828245255,162.95531489644657,8.39937686920166,793,True,small,1440,small_seed456_s5
sa,small_seed456,6,526182832.6571793,8.491528352399449,55.67123163786529,17400.68631907877,162.95531489644657,7.1485583782196045,734,True,small,1440,small_seed456_s6
sa,small_seed456,7,540499291.887327,6.001752513571308,56.27688018620467,17267.673153533913,131.1553148964466,5.63777494430542,730,True,small,1440,small_seed456_s7
sa,small_seed456,8,483549772.74968326,15.905845034101867,53.749666139129815,15385.661293383186,162.95531489644657,7.117987871170044,777,True,small,1440,small_seed456_s8
sa,small_seed456,9,517502403.3219396,10.001142069178211,55.28007359678506,16957.583310585953,93.75531489644663,6.637227773666382,803,True,small,1440,small_seed456_s9
sa,small_seed456,10,517916783.8345783,9.929077142238986,55.280183857773416,16638.677890408533,162.95531489644657,6.214637994766235,732,True,small,1440,small_seed456_s10
sa,small_seed456,11,485500181.2633144,15.566649433079412,53.86961503377462,16081.459222266703,0.0,7.640316247940063,807,True,small,1440,small_seed456_s11
sa,small_seed456,12,495695117.0244365,13.79364785996733,54.32302327856495,16470.86845499718,70.96662761362984,6.580498456954956,788,True,small,1440,small_seed456_s12
sa,small_seed456,13,481239306.0724858,16.307658360765075,53.712264727610126,16557.78046321201,138.75531489644663,5.583320379257202,767,True,small,1440,small_seed456_s13
sa,small_seed456,14,518151502.1878424,9.888257266633442,55.30264490537127,16889.444782783445,162.95531489644657,6.343324422836304,777,True,small,1440,small_seed456_s14
sa,small_seed456,15,530850066.63627225,7.679849556092528,55.85716316736783,17138.77410266407,162.95531489644657,6.033888101577759,734,True,small,1440,small_seed456_s15
sa,small_seed456,16,544562161.9405572,5.295178665092794,56.46233916861426,17507.250083192197,120.5553148964467,6.348481893539429,745,True,small,1440,small_seed456_s16
sa,small_seed456,17,520927892.15588766,9.405415206981749,55.44680327185782,17393.933680548645,162.95531489644657,6.927377462387085,811,True,small,1440,small_seed456_s17
sa,small_seed456,18,510701852.1558876,11.183826119176809,54.95699245845466,16345.208680548643,162.95531489644657,6.681409358978272,793,True,small,1440,small_seed456_s18
sa,small_seed456,19,524533009.8982167,8.778449076132858,55.579857472546855,16960.738196859544,76.58868728281675,6.68182897567749,730,True,small,1440,small_seed456_s19
sa,small_seed456,20,540344531.5813739,6.028666882856144,56.26706695824127,17201.08823852086,152.95531489644657,8.427738428115845,754,True,small,1440,small_seed456_s20
sa,small_seed456,21,534125107.66407967,7.110287076213788,55.99840818433452,17140.540437769298,93.75531489644663,9.851758003234863,860,True,small,1440,small_seed456_s21
sa,small_seed456,22,539865431.2716925,6.111987231571136,56.24167542778056,17103.810546765704,162.95531489644657,6.728440046310425,740,True,small,1440,small_seed456_s22
sa,small_seed456,23,526444791.99889934,8.445970995703568,55.65763084826008,16891.052196669923,76.58868728281675,6.824112415313721,777,True,small,1440,small_seed456_s23
sa,small_seed456,24,517025404.5150337,10.084096945484724,55.24858551793882,16774.835263164612,44.56662761362986,5.33886194229126,742,True,small,1440,small_seed456_s24
sa,small_seed456,25,503621066.36063385,12.415245781645854,54.67009405764699,16644.651093327437,30.166627613629885,5.295108318328857,697,True,small,1440,small_seed456_s25
sa,small_seed456,26,509978569.6585652,11.309612199207573,54.92786849684633,16346.48517723536,86.36662761362982,6.26389217376709,700,True,small,1440,small_seed456_s26
sa,small_seed456,27,514930222.77741,10.448470062079393,55.15848653888472,16759.24934123687,106.35531489644666,7.425270080566406,744,True,small,1440,small_seed456_s27
sa,small_seed456,28,441078926.4989327,23.29195113406754,51.93376217037595,15312.847489859252,57.76662761362991,7.176771402359009,763,True,small,1440,small_seed456_s28
sa,small_seed456,29,543444963.7716924,5.489470630955784,56.41077640498951,17451.360546765707,162.95531489644657,6.90134596824646,799,True,small,1440,small_seed456_s29
sa,small_seed456,30,548010157.5216925,4.69553765384198,56.60452858888023,17404.219921765707,162.95531489644657,7.629047155380249,833,True,small,1440,small_seed456_s30
sa,medium_seed42,1,537920676.7897112,5.836753902227212,55.884135558006,17652.146453046873,490.4914215085977,14.77905011177063,760,True,medium,3600,medium_seed42_s1
sa,medium_seed42,2,523523524.1474557,8.3569816715901,55.25193539000927,17224.759209960957,373.1034121482811,15.877444744110107,771,True,medium,3600,medium_seed42_s2
sa,medium_seed42,3,534486512.4824994,6.437905842937215,55.72702714864332,17413.36885640415,571.3854187049747,16.275409698486328,801,True,medium,3600,medium_seed42_s3
sa,medium_seed42,4,513405985.2049587,10.128061220031745,54.8155383008948,17109.74440197685,473.91817106966926,13.549207925796509,744,True,medium,3600,medium_seed42_s4
sa,medium_seed42,5,422307610.15043366,26.0748709997939,50.85551527902192,15294.323908211045,429.5427019377677,13.83362865447998,793,True,medium,3600,medium_seed42_s5
sa,medium_seed42,6,522060075.5570037,8.613158977501762,55.21036398379825,17628.80664644145,302.01216826604616,14.47269606590271,734,True,medium,3600,medium_seed42_s6
sa,medium_seed42,7,536550983.8616141,6.07651923907298,55.8184654317165,17492.783982895453,516.2914215085978,12.932889461517334,730,True,medium,3600,medium_seed42_s7
sa,medium_seed42,8,479548612.394545,16.054808909296256,53.30170724057588,15610.708864139384,569.946128915488,10.698932647705078,777,True,medium,3600,medium_seed42_s8
sa,medium_seed42,9,513543837.3126218,10.103930149226947,54.8263133474047,17184.173022865343,380.3181710696692,11.195293426513672,803,True,medium,3600,medium_seed42_s9
sa,medium_seed42,10,513836716.6274556,10.05266149905304,54.822364192495456,16864.76029329429,399.30341214828127,13.588414430618286,732,True,medium,3600,medium_seed42_s10
sa,medium_seed42,11,481531327.4922064,15.707733777704236,53.422667043574,16311.024547431723,357.1734219271534,15.124220371246338,807,True,medium,3600,medium_seed42_s11
sa,medium_seed42,12,491686413.6432864,13.930081574232512,53.872295168962346,16698.002628263563,344.7728784765595,17.227935075759888,788,True,medium,3600,medium_seed42_s12
sa,medium_seed42,13,477283041.6055922,16.451398051444972,53.26622249294536,16784.82875086457,269.5007716080229,12.039090871810911,767,True,medium,3600,medium_seed42_s13
sa,medium_seed42,14,514059887.3620063,10.013595365873837,54.84431928734431,17115.382397818532,387.8521317191111,12.39362406730652,777,True,medium,3600,medium_seed42_s14
sa,medium_seed42,15,526844484.1129485,7.775646199643178,55.39902544020213,17364.958882479295,422.0788812801825,10.664986848831177,734,True,medium,3600,medium_seed42_s15
sa,medium_seed42,16,540593134.8382034,5.368938970092673,56.00266607864346,17735.075087785925,512.7181710696693,12.372003555297852,745,True,medium,3600,medium_seed42_s16
sa,medium_seed42,17,516882419.6253032,9.519509877816589,54.9894472989542,17620.991765751853,249.02596926174735,13.303372621536257,811,True,medium,3600,medium_seed42_s17
sa,medium_seed42,18,506586931.224993,11.3217395554725,54.49957445015111,16571.228189627538,433.87888128018255,10.84081220626831,793,True,medium,3600,medium_seed42_s18
sa,medium_seed42,19,520564046.0870194,8.87503958040471,55.1246493213896,17190.27680958374,445.5427019377677,11.17751955986023,730,True,medium,3600,medium_seed42_s19
sa,medium_seed42,20,536388816.8181627,6.104906649857405,55.80853970984138,17426.9040528367,559.946128915488,11.108190774917604,754,True,medium,3600,medium_seed42_s20
sa,medium_seed42,21,530162077.1182141,7.194900115533844,55.54117850911173,17368.42933423445,482.452131719111,12.63092303276062,860,True,medium,3600,medium_seed42_s21
sa,medium_seed42,22,535911383.0895631,6.188481629629147,55.78327081586999,17329.154798886462,571.3854187049747,13.718911170959473,740,True,medium,3600,medium_seed42_s22
sa,medium_seed42,23,522482663.4196636,8.539184790179114,55.20220225317255,17120.06640758646,569.946128915488,13.256502628326416,777,True,medium,3600,medium_seed42_s23
sa,medium_seed42,24,512967839.46030825,10.20475882129599,54.79181068903396,17002.354853348294,424.146128915488,12.33815336227417,742,True,medium,3600,medium_seed42_s24
sa,medium_seed42,25,499524822.7199721,12.55796469018212,54.21492945134896,16872.98512505446,444.0161386943604,9.59333324432373,697,True,medium,3600,medium_seed42_s25
sa,medium_seed42,26,506021990.7192497,11.420632634263182,54.475809334253,16572.578400319515,460.7221414979834,8.513818502426147,700,True,medium,3600,medium_seed42_s26
sa,medium_seed42,27,510862229.7769516,10.57334670303172,54.70171422812204,16985.93121397494,421.9728784765596,10.933638095855711,744,True,medium,3600,medium_seed42_s27
sa,medium_seed42,28,437068277.326975,23.491009854676896,51.49457375881475,15540.532139483566,329.73491857512886,10.832932233810425,763,True,medium,3600,medium_seed42_s28
sa,medium_seed42,29,539455992.4832482,5.567996228974927,55.95052753910183,17677.757006769127,569.946128915488,10.219236373901367,799,True,medium,3600,medium_seed42_s29
sa,medium_seed42,30,544054546.9612682,4.76301728748485,56.14437146197741,17629.999257135067,571.3854187049747,12.83221960067749,833,True,medium,3600,medium_seed42_s30
sa,medium_seed123,1,543806047.6621745,5.717999393750203,56.44881877323502,17387.904747163084,305.9185067875778,12.728434085845947,760,True,medium,3600,medium_seed123_s1
sa,medium_seed123,2,529501036.01046747,8.198120979408804,55.81373844598578,16959.550501694135,233.53868508875792,15.6148579120636,771,True,medium,3600,medium_seed123_s2
sa,medium_seed123,3,540461555.7534937,6.2978483849804885,56.293339263066486,17149.875562125184,345.71850678757767,15.298250913619995,801,True,medium,3600,medium_seed123_s3
sa,medium_seed123,4,508486822.7876041,11.841445786728114,54.8923783857278,16552.756234642802,227.13868508875785,11.78285002708435,742,True,medium,3600,medium_seed123_s4
sa,medium_seed123,5,428174042.2817752,25.76561903359151,51.37311201270677,15029.445796529277,307.71716640902844,12.835245847702026,793,True,medium,3600,medium_seed123_s5
sa,medium_seed123,6,528034810.9255659,8.45232674806084,55.77178365752759,17364.46213782864,289.9386850887578,11.495184659957886,734,True,medium,3600,medium_seed123_s6
sa,medium_seed123,7,542498563.5352837,5.944683557661447,56.38465262618134,17228.84408940574,308.9185067875777,8.909544706344604,730,True,medium,3600,medium_seed123_s7
sa,medium_seed123,8,523519612.0662267,9.23514625406606,55.54062099955217,16630.07589968549,159.48248177502012,7.215892553329468,756,True,medium,3600,medium_seed123_s8
sa,medium_seed123,9,519526157.7274875,9.927508661591066,55.38431884647269,16918.74471790947,347.11850678757764,7.647523641586304,803,True,medium,3600,medium_seed123_s9
sa,medium_seed123,10,519813963.56767,9.877610521408146,55.38020563191797,16599.655552372154,301.11850678757764,6.787937879562378,732,True,medium,3600,medium_seed123_s10
sa,medium_seed123,11,487513729.1562382,15.477641513068718,53.96772775382605,16045.518121133353,234.33868508875776,7.6115381717681885,807,True,medium,3600,medium_seed123_s11
sa,medium_seed123,12,497550554.4993088,13.737513801822542,54.41771342611276,16433.72219159313,148.84445661654036,7.222090721130371,788,True,medium,3600,medium_seed123_s12
sa,medium_seed123,13,483238896.4248715,16.218787706464326,53.80895767201376,16519.434274191684,291.9185067875778,6.783535480499268,767,True,medium,3600,medium_seed123_s13
sa,medium_seed123,14,520011604.256391,9.843344702530404,55.40159434760251,16850.869732472536,129.44445661654038,7.10777735710144,777,True,medium,3600,medium_seed123_s14
sa,medium_seed123,15,532711236.61201954,7.641554651463628,55.95852359831203,17099.95456814152,215.0711904887711,7.245053291320801,734,True,medium,3600,medium_seed123_s15
sa,medium_seed123,16,546566720.3299259,5.239369663070394,56.57139256696575,17470.91822432637,288.33868508875776,6.614761114120483,745,True,medium,3600,medium_seed123_s16
sa,medium_seed123,17,522783784.3378723,9.362719881886218,55.546379499928776,17356.649645422258,346.7185067875778,6.935621500015259,811,True,medium,3600,medium_seed123_s17
sa,medium_seed123,18,512560605.3400866,11.135156530229288,55.0544390391839,16307.069014680195,235.82427831536015,8.739344358444214,793,True,medium,3600,medium_seed123_s18
sa,medium_seed123,19,526545027.2379786,8.710616973298533,55.685406151878425,16925.197198328617,347.11850678757764,8.158477783203125,730,True,medium,3600,medium_seed123_s19
sa,medium_seed123,20,542368663.082973,5.967204959503444,56.37560355416093,17161.980540575307,166.84445661654036,7.366445302963257,754,True,medium,3600,medium_seed123_s20
sa,medium_seed123,21,536142648.811008,7.046635914505585,56.10577667937111,17103.376709026863,231.02427831536025,7.284430742263794,860,True,medium,3600,medium_seed123_s21
sa,medium_seed123,22,541889470.7127867,6.050284608085218,56.35010162392167,17064.80529565488,326.7185067875778,9.092952489852903,740,True,medium,3600,medium_seed123_s22
sa,medium_seed123,23,528432181.2668333,8.383432937634602,55.76273458550721,16855.728867181704,169.4242783153602,8.491495132446289,777,True,medium,3600,medium_seed123_s23
sa,medium_seed123,24,518878273.7444071,10.0398351028805,55.34729991548018,16738.45404125789,184.4242783153603,8.335596561431885,742,True,medium,3600,medium_seed123_s24
sa,medium_seed123,25,505476679.89956313,12.363327245780004,54.76651402035328,16609.388899873993,227.03736539110676,5.855880975723267,697,True,medium,3600,medium_seed123_s25
sa,medium_seed123,26,512003379.7808012,11.231765129460976,55.03058239476651,16307.341190546573,311.11850678757764,10.128098011016846,700,True,medium,3600,medium_seed123_s26
sa,medium_seed123,27,516786483.5887494,10.402497786702629,55.25680919527628,16721.764916197306,39.40134037854921,10.503942728042604,744,True,medium,3600,medium_seed123_s27
sa,medium_seed123,28,442934552.1996207,23.206525748392533,52.01806405488735,15275.670177414182,160.02427831536022,11.18649697303772,763,True,medium,3600,medium_seed123_s28
sa,medium_seed123,29,545329317.4374273,5.453903541026095,56.51545284902153,17413.758983254676,341.7185067875778,11.256669044494627,799,True,medium,3600,medium_seed123_s29
sa,medium_seed123,30,550032919.3885002,4.638419778186247,56.71453243347013,17365.580885734442,0.0,9.740209579467772,833,True,medium,3600,medium_seed123_s30
sa,medium_seed456,1,517695971.2917002,9.915262420380996,55.19260157045096,16752.816795425602,1227.3589441191216,7.746406555175781,788,True,medium,3600,medium_seed456_s1
sa,medium_seed456,2,527054421.5284971,8.286790150005258,55.6116476826223,17104.292210428903,1002.8483807653922,7.746249914169311,771,True,medium,3600,medium_seed456_s2
sa,medium_seed456,3,538017013.2205418,6.379179794633358,56.09028844933656,17293.975319320267,1032.9592743573628,8.8395414352417,801,True,medium,3600,medium_seed456_s3
sa,medium_seed456,4,516941808.50518703,10.046494959328216,55.1724366414614,16990.642454019242,1076.3282423852916,10.20420527458191,744,True,medium,3600,medium_seed456_s4
sa,medium_seed456,5,425887610.9166274,25.890917072218,51.18512985394125,15173.398560609734,1238.9788597825238,12.027380466461182,793,True,medium,3600,medium_seed456_s5
sa,medium_seed456,6,525584166.16783047,8.542630596300818,55.56977687798692,17510.264366188778,965.8924621423192,10.67485213279724,734,True,medium,3600,medium_seed456_s6
sa,medium_seed456,7,540085664.804441,6.019211887959781,56.18238527346895,17372.25963982981,1032.959274357363,10.63664197921753,730,True,medium,3600,medium_seed456_s7
sa,medium_seed456,8,492232328.960698,14.346213527622869,54.05503894558932,15784.579639333517,1268.8894231362538,11.147828102111816,751,True,medium,3600,medium_seed456_s8
sa,medium_seed456,9,517083467.1797733,10.02184480705034,55.18308768223664,17062.39687159123,1104.3481580486937,14.523693561553957,803,True,medium,3600,medium_seed456_s9
sa,medium_seed456,10,517366062.1239381,9.97267020883414,55.178982701390034,16744.742181170404,1061.5934360491249,12.15862202644348,732,True,medium,3600,medium_seed456_s10
sa,medium_seed456,11,485068611.0486792,15.592778469181992,53.76933227866555,16189.880406361402,1051.3140637720048,11.88737678527832,807,True,medium,3600,medium_seed456_s11
sa,medium_seed456,12,495263647.9172499,13.818731013050163,54.223636676599,16577.594276844353,699.1532132592838,11.124917984008787,788,True,medium,3600,medium_seed456_s12
sa,medium_seed456,13,480819276.9630097,16.33220888244277,53.61176101002979,16663.853843222074,729.2887115319628,11.248581647872925,767,True,medium,3600,medium_seed456_s13
sa,medium_seed456,14,517587732.18837273,9.934097203264828,55.20109591744294,16995.72570135353,945.9619829104096,11.486136198043823,777,True,medium,3600,medium_seed456_s14
sa,medium_seed456,15,530423155.350366,7.700593773855263,55.76136250173759,17244.38566845717,1192.6587214024237,11.094108819961548,734,True,medium,3600,medium_seed456_s15
sa,medium_seed456,16,544120884.1848572,5.317039765480256,56.36778515456713,17615.511408801827,1194.0176790315618,11.276002407073976,745,True,medium,3600,medium_seed456_s16
sa,medium_seed456,17,520415007.51327336,9.442120502975817,55.347485655470976,17501.986568228418,1071.391908972602,11.664812803268433,811,True,medium,3600,medium_seed456_s17
sa,medium_seed456,18,510114958.8021425,11.234441163467675,54.85386821833884,16451.353502697028,685.9412860257943,11.535934686660768,793,True,medium,3600,medium_seed456_s18
sa,medium_seed456,19,524098750.78427845,8.801109051696434,55.48357228020821,17069.92079945001,1268.8894231362538,10.726117372512816,730,True,medium,3600,medium_seed456_s19
sa,medium_seed456,20,539921872.7097634,6.047713496403496,56.17238806626869,17306.90830321585,1207.3589441191216,10.60974144935608,754,True,medium,3600,medium_seed456_s20
sa,medium_seed456,21,533697618.0689211,7.130801596451833,55.90310132273133,17247.76946613279,1185.178859782524,12.5274817943573,860,True,medium,3600,medium_seed456_s21
sa,medium_seed456,22,539442242.2441645,6.131174421395562,56.14693718501972,17209.702146091764,1105.759274357363,10.87093710899353,740,True,medium,3600,medium_seed456_s22
sa,medium_seed456,23,526014947.62084,8.467669931546753,55.56168375036397,17000.234263681894,1133.759274357363,10.926867723464966,777,True,medium,3600,medium_seed456_s23
sa,medium_seed456,24,511271637.4845384,11.033166474565643,54.92693687740843,16911.166626499613,1029.7282423852914,10.136674404144289,740,True,medium,3600,medium_seed456_s24
sa,medium_seed456,25,503052644.4590102,12.463360779586106,54.56717319833431,16753.319647566925,971.8345326051242,9.46144676208496,697,True,medium,3600,medium_seed456_s25
sa,medium_seed456,26,509559359.3240284,11.331121524066964,54.83005932942853,16451.332937386418,1015.0075836271902,10.226975679397585,700,True,medium,3600,medium_seed456_s26
sa,medium_seed456,27,514394864.5807812,10.489690942653391,55.057623679176494,16866.290480720818,979.0450952047438,10.2236430644989,744,True,medium,3600,medium_seed456_s27
sa,medium_seed456,28,440648494.64509255,23.322362532756845,51.82879085068907,15419.173186616805,464.5547247768169,10.763469219207764,763,True,medium,3600,medium_seed456_s28
sa,medium_seed456,29,543012624.8885473,5.50988895383525,56.31619166636335,17557.8694243453,1268.8894231362538,12.017682075500488,799,True,medium,3600,medium_seed456_s29
sa,medium_seed456,30,547586113.4506942,4.714052131083065,56.51063848802901,17510.445058778976,0.0,11.914910793304443,833,True,medium,3600,medium_seed456_s30
sa,large_seed42,1,1625176203.543081,18.537874193606918,65.16097900606857,66677.48250112141,0.0,53.17760968208313,761,True,large,19200,large_seed42_s1
sa,large_seed42,2,1610829992.472931,19.256979511844897,64.69765197585802,65885.71153917063,0.0,55.42856979370117,785,True,large,19200,large_seed42_s2
sa,large_seed42,3,1622226973.0959988,18.68570467573463,64.75396923943524,64361.96000409546,0.0,50.43507432937622,758,True,large,19200,large_seed42_s3
sa,large_seed42,4,1631977713.742097,18.19694778925904,65.64878978434959,68478.15707865167,0.0,57.288506507873535,770,True,large,19200,large_seed42_s4
sa,large_seed42,5,1632448655.844639,18.173341767511246,65.13853366752633,64746.16743432949,0.0,62.92329716682434,785,True,large,19200,large_seed42_s5
sa,large_seed42,6,1633360650.4275615,18.12762794442744,65.22336827218955,65422.38375730658,0.0,64.51348567008972,770,True,large,19200,large_seed42_s6
sa,large_seed42,7,1617478710.7523038,18.92371181832049,64.64051165680459,64388.85197494304,0.0,59.462732553482056,757,True,large,19200,large_seed42_s7
sa,large_seed42,8,1616850763.025485,18.955187763273685,64.31526642708248,61989.479291017306,0.0,75.17971158027649,773,True,large,19200,large_seed42_s8
sa,large_seed42,9,1643197266.176056,17.63456655953512,66.35393851232195,71187.40926704068,0.0,75.33775687217712,818,True,large,19200,large_seed42_s9
sa,large_seed42,10,1630958818.119603,18.248020038041798,65.41203722903965,67184.66695434827,0.0,44.86449956893921,804,True,large,19200,large_seed42_s10
sa,large_seed42,11,1637017881.7346115,17.944308845742345,65.6272747904855,67450.50450115037,0.0,52.9495210647583,851,True,large,19200,large_seed42_s11
sa,large_seed42,12,1630335119.6599011,18.279282988039903,66.11784662309262,72451.54481616177,0.0,69.0930540561676,753,True,large,19200,large_seed42_s12
sa,large_seed42,13,1619058343.152442,18.844532580384715,64.69613296102665,64643.17735229394,0.0,69.89153957366943,775,True,large,19200,large_seed42_s13
sa,large_seed42,14,1630597658.0374446,18.26612322462851,65.05473224761897,64390.77996463989,0.0,77.20182275772095,746,True,large,19200,large_seed42_s14
sa,large_seed42,15,1634250250.5338578,18.083036646807837,65.42574259656946,66720.5915448255,0.0,80.54050326347351,744,True,large,19200,large_seed42_s15
sa,large_seed42,16,1625764368.5930696,18.508392359457098,65.28767127090511,67432.96256958722,0.0,85.6196973323822,786,True,large,19200,large_seed42_s16
sa,large_seed42,17,1627798804.9726765,18.40641602486684,64.7942575664993,62532.73658202764,0.0,64.7693657875061,711,True,large,19200,large_seed42_s17
sa,large_seed42,18,1611652688.6985197,19.215741778186704,64.58525983223535,65242.2180572359,0.0,67.39259576797485,758,True,large,19200,large_seed42_s18
sa,large_seed42,19,1617821993.374269,18.90650474128066,64.62956907635878,64265.089688373446,0.0,57.37385177612305,738,True,large,19200,large_seed42_s19
sa,large_seed42,20,1624239793.7858033,18.58481182983823,64.67058188707972,63176.7755906529,0.0,69.31471347808838,750,True,large,19200,large_seed42_s20
sa,large_seed42,21,1632228623.256774,18.184370923805247,65.23928402648478,65517.75926813153,0.0,58.066818714141846,736,True,large,19200,large_seed42_s21
sa,large_seed42,22,1610107967.5459876,19.29317108621436,64.20309299923129,62694.91302151576,0.0,57.333826780319214,776,True,large,19200,large_seed42_s22
sa,large_seed42,23,1632807597.4237435,18.15534978362025,65.38881430124607,66583.74825142832,0.0,58.6386559009552,827,True,large,19200,large_seed42_s23
sa,large_seed42,24,1628220370.4381776,18.385285012173316,65.83415154568459,70729.58095920995,0.0,54.27298307418823,750,True,large,19200,large_seed42_s24
sa,large_seed42,25,1620999065.6111965,18.747253665799523,64.63764939461693,63755.8670987518,0.0,55.198774576187134,736,True,large,19200,large_seed42_s25
sa,large_seed42,26,1630019652.400469,18.295095817147068,66.45025618195164,74745.60336929894,0.0,59.27487277984619,797,True,large,19200,large_seed42_s26
sa,large_seed42,27,1602249834.6329825,19.68706081372021,64.10340163318078,63447.08695124118,0.0,56.09809231758118,725,True,large,19200,large_seed42_s27
sa,large_seed42,28,1626794192.2100158,18.456772343818688,65.42692887732441,67965.70566166894,0.0,61.11947154998779,743,True,large,19200,large_seed42_s28
sa,large_seed42,29,1635571327.8887503,18.016817507338768,66.10246465325014,71050.6329695227,0.0,53.570231199264526,820,True,large,19200,large_seed42_s29
sa,large_seed42,30,1638769471.2368426,17.85651024022447,65.65939710624613,67049.55698950101,0.0,48.44800281524658,712,True,large,19200,large_seed42_s30
sa,large_seed123,1,1615891887.6987114,18.477078705731596,65.51262695549694,71017.74599367492,0.0,67.82389497756958,750,True,large,19200,large_seed123_s1
sa,large_seed123,2,1613837147.9315605,18.580741821805663,64.70651611444947,65098.42908120932,0.0,76.89486122131348,761,True,large,19200,large_seed123_s2
sa,large_seed123,3,1622108403.0976045,18.163450981348188,65.24794733688734,67843.3313435794,0.0,89.66587400436401,885,True,large,19200,large_seed123_s3
sa,large_seed123,4,1618542873.246889,18.343334556236467,65.76364535077207,72359.27808243317,0.0,73.2594096660614,769,True,large,19200,large_seed123_s4
sa,large_seed123,5,1619035069.1412888,18.318502915291944,65.652797237317,71105.75273906578,0.0,75.59695291519165,755,True,large,19200,large_seed123_s5
sa,large_seed123,6,1618404546.568176,18.350313237810077,65.88326776523729,73055.67643846077,0.0,79.24224901199341,792,True,large,19200,large_seed123_s6
sa,large_seed123,7,1614468247.640704,18.548902382354907,65.23020570400642,69426.14264894859,0.0,94.93437552452087,736,True,large,19200,large_seed123_s7
sa,large_seed123,8,1614265614.7091637,18.559125361166384,64.93565092982941,66794.52901074609,0.0,88.95578479766846,748,True,large,19200,large_seed123_s8
sa,large_seed123,9,1606882972.9287434,18.931585009853723,64.3930547908914,64424.70627934981,0.0,80.99107694625854,740,True,large,19200,large_seed123_s9
sa,large_seed123,10,1618200152.3887331,18.360625072859545,64.79891220034541,65331.07137504336,0.0,100.78873991966248,748,True,large,19200,large_seed123_s10
sa,large_seed123,11,1611732308.0221224,18.686932526505917,64.57270835728916,65347.83192326804,0.0,100.16638159751892,746,True,large,19200,large_seed123_s11
sa,large_seed123,12,1610095509.5098586,18.76951020221904,64.9809453364355,68547.31276493367,0.0,86.10678339004517,769,True,large,19200,large_seed123_s12
sa,large_seed123,13,1616085528.929203,18.467309364779467,64.77469041532393,65758.70461899479,0.0,59.74822950363159,719,True,large,19200,large_seed123_s13
sa,large_seed123,14,1617306033.5442922,18.405734019032234,65.2454171128052,68812.21038974382,0.0,67.83943748474121,720,True,large,19200,large_seed123_s14
sa,large_seed123,15,1618198461.514949,18.36071037867205,65.10547054628992,67668.0364436037,0.0,73.3836498260498,825,True,large,19200,large_seed123_s15
sa,large_seed123,16,1614783801.472189,18.532982461991363,64.95737851541065,67349.81032999644,0.0,60.256502628326416,733,True,large,19200,large_seed123_s16
sa,large_seed123,17,1612082166.982242,18.6692818874458,64.59976687943497,65277.74024721012,0.0,62.314061403274536,800,True,large,19200,large_seed123_s17
sa,large_seed123,18,1591699358.1179938,19.697609423121907,63.72684490495255,63394.00767293226,0.0,51.95848178863525,785,True,large,19200,large_seed123_s18
sa,large_seed123,19,1610804235.151894,18.733754477981105,64.84814844981904,67233.615368645,0.0,36.37746691703797,808,True,large,19200,large_seed123_s19
sa,large_seed123,20,1597914317.9898784,19.38406017620771,64.60429928219482,67893.25243735408,0.0,40.57030296325684,883,True,large,19200,large_seed123_s20
sa,large_seed123,21,1625167504.8165336,18.009117074134505,65.93017423349328,72185.10902768058,0.0,40.44119310379028,792,True,large,19200,large_seed123_s21
sa,large_seed123,22,1608931581.0415163,18.82823124020379,64.66097440522671,66346.11688715554,0.0,51.25176382064819,745,True,large,19200,large_seed123_s22
sa,large_seed123,23,1614241420.058753,18.56034599888119,64.80989269566413,66167.55124122638,0.0,52.27099084854126,726,True,large,19200,large_seed123_s23
sa,large_seed123,24,1610076448.952711,18.770471821193656,64.86236258176704,67454.81061186169,0.0,63.45813655853272,825,True,large,19200,large_seed123_s24
sa,large_seed123,25,1612950126.4361916,18.625492701554343,64.50753454455757,64427.338913877495,0.0,58.6159656047821,741,True,large,19200,large_seed123_s25
sa,large_seed123,26,1612835317.2204783,18.631284910010663,65.14195639146678,68720.31153742659,0.0,59.83717679977417,770,True,large,19200,large_seed123_s26
sa,large_seed123,27,1602714903.6206946,19.141867138711387,64.58257365659532,66983.43366454351,0.0,59.380571603775024,751,True,large,19200,large_seed123_s27
sa,large_seed123,28,1597133310.3227797,19.42346258119521,64.1057505928293,65056.06310042256,0.0,55.98360085487366,720,True,large,19200,large_seed123_s28
sa,large_seed123,29,1607219123.2559986,18.91462598129464,64.56561970699815,66125.56576825227,0.0,61.352516412734985,782,True,large,19200,large_seed123_s29
sa,large_seed123,30,1624102016.4566023,18.06287173703484,65.83585597951583,71680.98155713387,0.0,56.48824214935303,788,True,large,19200,large_seed123_s30
sa,large_seed456,1,1626363109.927483,18.40254122881369,66.11970502383512,72295.67143689134,0.0,56.10872769355774,746,True,large,19200,large_seed456_s1
sa,large_seed456,2,1598127432.0911455,19.81917417139796,64.10870082749508,63792.07906696325,0.0,54.822410583496094,734,True,large,19200,large_seed456_s2
sa,large_seed456,3,1630310148.0712528,18.204511477500105,65.85496100800128,69747.98988927092,0.0,64.21243119239807,858,True,large,19200,large_seed456_s3
sa,large_seed456,4,1625572494.859014,18.44220775842169,64.98984149191153,64319.02193866941,0.0,56.38911032676697,822,True,large,19200,large_seed456_s4
sa,large_seed456,5,1630994072.929978,18.17019778080975,65.86595076377523,69687.31976182458,0.0,50.98218393325806,757,True,large,19200,large_seed456_s5
sa,large_seed456,6,1620287294.1033044,18.70737544952893,64.54695823542016,62083.40523387782,0.0,52.19635272026062,765,True,large,19200,large_seed456_s6
sa,large_seed456,7,1622405048.1725528,18.601124053823877,65.00654910144353,65034.60283105028,0.0,33.5422158241272,762,True,large,19200,large_seed456_s7
sa,large_seed456,8,1625426364.3002892,18.449539382072015,65.33809636490113,66481.37502661394,0.0,31.696768760681152,748,True,large,19200,large_seed456_s8
sa,large_seed456,9,1613053487.6059835,19.070308071291485,64.97572474748875,66626.94323071078,0.0,34.36513137817383,741,True,large,19200,large_seed456_s9
sa,large_seed456,10,1630355952.013168,18.20221341426985,65.73852685423928,68946.26302569009,0.0,39.85883784294128,750,True,large,19200,large_seed456_s10
sa,large_seed456,11,1629686424.6926007,18.235804761492787,65.30802708458461,65980.054754933,0.0,82.89886164665222,796,True,large,19200,large_seed456_s11
sa,large_seed456,12,1619773221.4236264,18.733167367723198,64.6917165866983,63476.94031172725,0.0,80.35537576675415,877,True,large,19200,large_seed456_s12
sa,large_seed456,13,1619385851.8555443,18.7526023709939,64.908680673869,64813.84725680063,0.0,78.11435008049011,754,True,large,19200,large_seed456_s13
sa,large_seed456,14,1611248458.4781706,19.160869514144224,64.75409864723073,64934.36756269542,0.0,63.77812194824219,718,True,large,19200,large_seed456_s14
sa,large_seed456,15,1626169233.5946364,18.412268340784944,65.34584503115296,66816.54426411992,0.0,64.86759448051453,825,True,large,19200,large_seed456_s15
sa,large_seed456,16,1626035114.8955066,18.418997308600243,65.35254015844878,67036.04587342372,0.0,58.58911919593811,733,True,large,19200,large_seed456_s16
sa,large_seed456,17,1617363113.4083736,18.85408666809854,64.80655721836467,64889.77654428095,0.0,63.57698583602905,797,True,large,19200,large_seed456_s17
sa,large_seed456,18,1603670588.0108285,19.541064422192715,64.65819830879954,66705.16631537068,0.0,57.21598720550537,756,True,large,19200,large_seed456_s18
sa,large_seed456,19,1610069273.0986283,19.22003129038193,64.8809547556766,67054.57875437697,0.0,52.48186802864075,735,True,large,19200,large_seed456_s19
sa,large_seed456,20,1611954460.6982937,19.12544815793096,65.18206147066218,68602.18305319057,0.0,61.85608339309693,806,True,large,19200,large_seed456_s20
sa,large_seed456,21,1630848624.9439309,18.17749515860466,65.67374901247699,68395.34394439474,0.0,54.697081089019775,739,True,large,19200,large_seed456_s21
sa,large_seed456,22,1610407427.7005394,19.20306548734613,64.23453680134816,62109.54803020068,0.0,58.207160234451294,748,True,large,19200,large_seed456_s22
sa,large_seed456,23,1617164135.66618,18.864069726627047,65.06352184522801,66658.51359254304,0.0,53.698077917099,773,True,large,19200,large_seed456_s23
sa,large_seed456,24,1617963464.2197552,18.82396602635443,65.61847568832361,70464.2857926526,0.0,54.66872525215149,748,True,large,19200,large_seed456_s24
sa,large_seed456,25,1623163843.7812004,18.563053961718097,65.41844213777394,68028.84633681025,0.0,51.74768114089966,818,True,large,19200,large_seed456_s25
sa,large_seed456,26,1610370171.3981442,19.20493470067253,65.26537596572989,69471.43318619231,0.0,33.03595328330994,750,True,large,19200,large_seed456_s26
sa,large_seed456,27,1631774344.5523643,18.13105019983638,65.48260406702745,66692.4354749231,0.0,35.13923263549805,759,True,large,19200,large_seed456_s27
sa,large_seed456,28,1609829824.5653882,19.23204483870925,64.74387442770555,65972.48969551886,0.0,34.19083380699158,719,True,large,19200,large_seed456_s28
sa,large_seed456,29,1618267538.4518182,18.80871009459928,64.95817040133106,65801.97257948079,0.0,54.689719915390015,782,True,large,19200,large_seed456_s29
sa,large_seed456,30,1629247702.8566854,18.25781619713075,65.79951962441405,69594.17264767719,0.0,55.7568781375885,763,True,large,19200,large_seed456_s30
de,small_seed42,1,552277686.7837336,3.369528549901049,56.4843758197804,17821.311832720072,491.17381517409456,80.30881547927856,10315,True,small,1440,small_seed42_s1
de,small_seed42,2,552277686.7837336,3.369528549901049,56.4843758197804,17821.311832720072,491.17381517409456,76.66483736038208,10293,True,small,1440,small_seed42_s2
de,small_seed42,3,552277686.7837336,3.369528549901049,56.4843758197804,17821.311832720072,491.17381517409456,84.530189037323,10315,True,small,1440,small_seed42_s3
de,small_seed42,4,552260009.2837336,3.372621532290047,56.48360862406969,17821.243082720073,491.17381517409456,99.04154753684998,10348,True,small,1440,small_seed42_s4
de,small_seed42,5,552277686.7837336,3.369528549901049,56.4843758197804,17821.311832720072,491.17381517409456,100.12303924560548,10303,True,small,1440,small_seed42_s5
de,small_seed42,6,552277686.7837336,3.369528549901049,56.4843758197804,17821.311832720072,491.17381517409456,89.53887820243835,10296,True,small,1440,small_seed42_s6
de,small_seed42,7,552277686.7837336,3.369528549901049,56.4843758197804,17821.311832720072,491.17381517409456,77.21340250968933,10311,True,small,1440,small_seed42_s7
de,small_seed42,8,552277686.7837336,3.369528549901049,56.4843758197804,17821.311832720072,491.17381517409456,75.75401139259338,10323,True,small,1440,small_seed42_s8
de,small_seed42,9,552277686.7837336,3.369528549901049,56.4843758197804,17821.311832720072,491.17381517409456,76.72957277297974,10352,True,small,1440,small_seed42_s9
de,small_seed42,10,552277686.7837336,3.369528549901049,56.4843758197804,17821.311832720072,491.17381517409456,71.39856553077698,10307,True,small,1440,small_seed42_s10
de,small_seed42,11,552277686.7837336,3.369528549901049,56.4843758197804,17821.311832720072,491.17381517409456,80.38308954238892,10308,True,small,1440,small_seed42_s11
de,small_seed42,12,552277686.7837336,3.369528549901049,56.4843758197804,17821.311832720072,491.17381517409456,56.341142416000366,10298,True,small,1440,small_seed42_s12
de,small_seed42,13,552277686.7837336,3.369528549901049,56.4843758197804,17821.311832720072,491.17381517409456,55.08821630477905,10324,True,small,1440,small_seed42_s13
de,small_seed42,14,552277686.7837336,3.369528549901049,56.4843758197804,17821.311832720072,491.17381517409456,46.62918043136597,10296,True,small,1440,small_seed42_s14
de,small_seed42,15,552277686.7837336,3.369528549901049,56.4843758197804,17821.311832720072,491.17381517409456,46.817582845687866,10333,True,small,1440,small_seed42_s15
de,small_seed42,16,552277686.7837336,3.369528549901049,56.4843758197804,17821.311832720072,491.17381517409456,63.65385723114014,10299,True,small,1440,small_seed42_s16
de,small_seed42,17,552277686.7837336,3.369528549901049,56.4843758197804,17821.311832720072,491.17381517409456,73.7885251045227,10324,True,small,1440,small_seed42_s17
de,small_seed42,18,552277686.7837336,3.369528549901049,56.4843758197804,17821.311832720072,491.17381517409456,74.42837452888489,10298,True,small,1440,small_seed42_s18
de,small_seed42,19,552277686.7837336,3.369528549901049,56.4843758197804,17821.311832720072,491.17381517409456,72.72410154342651,10321,True,small,1440,small_seed42_s19
de,small_seed42,20,552277686.7837336,3.369528549901049,56.4843758197804,17821.311832720072,491.17381517409456,73.44856119155884,10296,True,small,1440,small_seed42_s20
de,small_seed42,21,552277686.7837336,3.369528549901049,56.4843758197804,17821.311832720072,491.17381517409456,72.21770906448364,10302,True,small,1440,small_seed42_s21
de,small_seed42,22,552277686.7837336,3.369528549901049,56.4843758197804,17821.311832720072,491.17381517409456,68.68894219398499,10314,True,small,1440,small_seed42_s22
de,small_seed42,23,552277686.7837336,3.369528549901049,56.4843758197804,17821.311832720072,491.17381517409456,70.24912619590759,10301,True,small,1440,small_seed42_s23
de,small_seed42,24,552091563.2837336,3.4020940545074025,56.476234151013735,17816.428916053403,490.7738151740946,68.7907292842865,10329,True,small,1440,small_seed42_s24
de,small_seed42,25,552277686.7837336,3.369528549901049,56.4843758197804,17821.311832720072,491.17381517409456,67.60706210136414,10284,True,small,1440,small_seed42_s25
de,small_seed42,26,552277686.7837336,3.369528549901049,56.4843758197804,17821.311832720072,491.17381517409456,62.96318817138672,10335,True,small,1440,small_seed42_s26
de,small_seed42,27,552277686.7837336,3.369528549901049,56.4843758197804,17821.311832720072,491.17381517409456,66.84023451805115,10319,True,small,1440,small_seed42_s27
de,small_seed42,28,552259184.2837336,3.372765880216559,56.48356165290373,17820.743082720073,491.17381517409456,44.869556188583374,10330,True,small,1440,small_seed42_s28
de,small_seed42,29,552277686.7837336,3.369528549901049,56.4843758197804,17821.311832720072,491.17381517409456,40.89967584609985,10305,True,small,1440,small_seed42_s29
de,small_seed42,30,552277686.7837336,3.369528549901049,56.4843758197804,17821.311832720072,491.17381517409456,38.749191761016846,10288,True,small,1440,small_seed42_s30
de,small_seed123,1,558430771.4228833,3.432795980121438,57.1520122955377,17929.504511549763,0.0,39.12003326416016,10322,True,small,1440,small_seed123_s1
de,small_seed123,2,558430771.4228833,3.432795980121438,57.1520122955377,17929.504511549763,0.0,38.47670125961304,10298,True,small,1440,small_seed123_s2
de,small_seed123,3,558412482.6728833,3.435958580649375,57.15118672395839,17928.751386549764,0.0,39.18162441253662,10319,True,small,1440,small_seed123_s3
de,small_seed123,4,558411646.4228833,3.436103190023525,57.15118672395839,17929.442011549763,0.0,40.68878197669983,10348,True,small,1440,small_seed123_s4
de,small_seed123,5,558430771.4228833,3.432795980121438,57.1520122955377,17929.504511549763,0.0,39.36042857170105,10303,True,small,1440,small_seed123_s5
de,small_seed123,6,558430771.4228833,3.432795980121438,57.1520122955377,17929.504511549763,0.0,43.7140736579895,10295,True,small,1440,small_seed123_s6
de,small_seed123,7,558430771.4228833,3.432795980121438,57.1520122955377,17929.504511549763,0.0,59.00133895874024,10313,True,small,1440,small_seed123_s7
de,small_seed123,8,558302303.9228833,3.455011352048049,57.14623329448247,17924.648261549763,0.0,68.05376672744751,10322,True,small,1440,small_seed123_s8
de,small_seed123,9,558430771.4228833,3.432795980121438,57.1520122955377,17929.504511549763,0.0,74.66087079048157,10319,True,small,1440,small_seed123_s9
de,small_seed123,10,558430771.4228833,3.432795980121438,57.1520122955377,17929.504511549763,0.0,73.83396482467651,10308,True,small,1440,small_seed123_s10
de,small_seed123,11,558430771.4228833,3.432795980121438,57.1520122955377,17929.504511549763,0.0,75.35648226737976,10311,True,small,1440,small_seed123_s11
de,small_seed123,12,558430771.4228833,3.432795980121438,57.1520122955377,17929.504511549763,0.0,72.36258292198181,10293,True,small,1440,small_seed123_s12
de,small_seed123,13,558430771.4228833,3.432795980121438,57.1520122955377,17929.504511549763,0.0,74.0636305809021,10317,True,small,1440,small_seed123_s13
de,small_seed123,14,558430771.4228833,3.432795980121438,57.1520122955377,17929.504511549763,0.0,74.26008105278015,10296,True,small,1440,small_seed123_s14
de,small_seed123,15,558430771.4228833,3.432795980121438,57.1520122955377,17929.504511549763,0.0,76.66476440429688,10335,True,small,1440,small_seed123_s15
de,small_seed123,16,558430771.4228833,3.432795980121438,57.1520122955377,17929.504511549763,0.0,83.54826879501343,10298,True,small,1440,small_seed123_s16
de,small_seed123,17,558430771.4228833,3.432795980121438,57.1520122955377,17929.504511549763,0.0,81.38783669471741,10323,True,small,1440,small_seed123_s17
de,small_seed123,18,558430771.4228833,3.432795980121438,57.1520122955377,17929.504511549763,0.0,103.54836344718932,10299,True,small,1440,small_seed123_s18
de,small_seed123,19,558430771.4228833,3.432795980121438,57.1520122955377,17929.504511549763,0.0,101.69448351860046,10321,True,small,1440,small_seed123_s19
de,small_seed123,20,558430771.4228833,3.432795980121438,57.1520122955377,17929.504511549763,0.0,56.92893815040589,10296,True,small,1440,small_seed123_s20
de,small_seed123,21,558430771.4228833,3.432795980121438,57.1520122955377,17929.504511549763,0.0,54.73863458633423,10302,True,small,1440,small_seed123_s21
de,small_seed123,22,558430771.4228833,3.432795980121438,57.1520122955377,17929.504511549763,0.0,90.49992537498474,10314,True,small,1440,small_seed123_s22
de,small_seed123,23,558430771.4228833,3.432795980121438,57.1520122955377,17929.504511549763,0.0,73.83876466751099,10301,True,small,1440,small_seed123_s23
de,small_seed123,24,558244688.9228833,3.4649744839962207,57.14375657974452,17924.610761549764,0.0,95.47406077384947,10329,True,small,1440,small_seed123_s24
de,small_seed123,25,558430771.4228833,3.432795980121438,57.1520122955377,17929.504511549763,0.0,103.18571758270264,10287,True,small,1440,small_seed123_s25
de,small_seed123,26,558430771.4228833,3.432795980121438,57.1520122955377,17929.504511549763,0.0,92.91291427612305,10320,True,small,1440,small_seed123_s26
de,small_seed123,27,558430771.4228833,3.432795980121438,57.1520122955377,17929.504511549763,0.0,63.138999700546265,10319,True,small,1440,small_seed123_s27
de,small_seed123,28,558412257.6728833,3.435997489001165,57.15118672395839,17928.938886549764,0.0,75.63082480430603,10330,True,small,1440,small_seed123_s28
de,small_seed123,29,558430771.4228833,3.432795980121438,57.1520122955377,17929.504511549763,0.0,76.79334568977356,10305,True,small,1440,small_seed123_s29
de,small_seed123,30,558430771.4228833,3.432795980121438,57.1520122955377,17929.504511549763,0.0,86.52323698997498,10288,True,small,1440,small_seed123_s30
de,small_seed456,1,555566737.353149,3.381372636774245,56.94280930114696,17714.33663525002,162.95531489644657,83.57002806663513,10322,True,small,1440,small_seed456_s1
de,small_seed456,2,555566737.353149,3.381372636774245,56.94280930114696,17714.33663525002,162.95531489644657,87.45181798934937,10293,True,small,1440,small_seed456_s2
de,small_seed456,3,555530159.853149,3.387733830857273,56.94117113789143,17712.83038525002,162.95531489644657,90.83171844482422,10330,True,small,1440,small_seed456_s3
de,small_seed456,4,555548336.103149,3.384572798694013,56.94201384687384,17714.27101025002,162.95531489644657,70.23608493804932,10350,True,small,1440,small_seed456_s4
de,small_seed456,5,555566737.353149,3.381372636774245,56.94280930114696,17714.33663525002,162.95531489644657,72.85775208473206,10303,True,small,1440,small_seed456_s5
de,small_seed456,6,555566737.353149,3.381372636774245,56.94280930114696,17714.33663525002,162.95531489644657,63.71497678756714,10305,True,small,1440,small_seed456_s6
de,small_seed456,7,555566737.353149,3.381372636774245,56.94280930114696,17714.33663525002,162.95531489644657,53.40206980705261,10312,True,small,1440,small_seed456_s7
de,small_seed456,8,555566737.353149,3.381372636774245,56.94280930114696,17714.33663525002,162.95531489644657,41.47218489646912,10325,True,small,1440,small_seed456_s8
de,small_seed456,9,555566737.353149,3.381372636774245,56.94280930114696,17714.33663525002,162.95531489644657,41.670081615448,10318,True,small,1440,small_seed456_s9
de,small_seed456,10,555566737.353149,3.381372636774245,56.94280930114696,17714.33663525002,162.95531489644657,46.22853875160217,10311,True,small,1440,small_seed456_s10
de,small_seed456,11,555566737.353149,3.381372636774245,56.94280930114696,17714.33663525002,162.95531489644657,60.24430966377258,10311,True,small,1440,small_seed456_s11
de,small_seed456,12,555566737.353149,3.381372636774245,56.94280930114696,17714.33663525002,162.95531489644657,67.25534915924072,10300,True,small,1440,small_seed456_s12
de,small_seed456,13,555566737.353149,3.381372636774245,56.94280930114696,17714.33663525002,162.95531489644657,67.48832130432129,10308,True,small,1440,small_seed456_s13
de,small_seed456,14,555566737.353149,3.381372636774245,56.94280930114696,17714.33663525002,162.95531489644657,66.20785069465637,10297,True,small,1440,small_seed456_s14
de,small_seed456,15,555566737.353149,3.381372636774245,56.94280930114696,17714.33663525002,162.95531489644657,70.02047872543335,10332,True,small,1440,small_seed456_s15
de,small_seed456,16,555566737.353149,3.381372636774245,56.94280930114696,17714.33663525002,162.95531489644657,66.84580278396606,10299,True,small,1440,small_seed456_s16
de,small_seed456,17,555566737.353149,3.381372636774245,56.94280930114696,17714.33663525002,162.95531489644657,62.81705522537232,10320,True,small,1440,small_seed456_s17
de,small_seed456,18,555566737.353149,3.381372636774245,56.94280930114696,17714.33663525002,162.95531489644657,66.07737708091736,10300,True,small,1440,small_seed456_s18
de,small_seed456,19,555566737.353149,3.381372636774245,56.94280930114696,17714.33663525002,162.95531489644657,64.8603618144989,10321,True,small,1440,small_seed456_s19
de,small_seed456,20,555566737.353149,3.381372636774245,56.94280930114696,17714.33663525002,162.95531489644657,64.20436549186707,10296,True,small,1440,small_seed456_s20
de,small_seed456,21,555566737.353149,3.381372636774245,56.94280930114696,17714.33663525002,162.95531489644657,58.96333885192871,10302,True,small,1440,small_seed456_s21
de,small_seed456,22,555566737.353149,3.381372636774245,56.94280930114696,17714.33663525002,162.95531489644657,58.62303400039673,10314,True,small,1440,small_seed456_s22
de,small_seed456,23,555566737.353149,3.381372636774245,56.94280930114696,17714.33663525002,162.95531489644657,39.36936068534851,10301,True,small,1440,small_seed456_s23
de,small_seed456,24,555473793.603149,3.397536487025205,56.93871389300814,17711.82101025002,162.95531489644657,37.51797914505005,10338,True,small,1440,small_seed456_s24
de,small_seed456,25,555566737.353149,3.381372636774245,56.94280930114696,17714.33663525002,162.95531489644657,41.161025285720825,10284,True,small,1440,small_seed456_s25
de,small_seed456,26,555566737.353149,3.381372636774245,56.94280930114696,17714.33663525002,162.95531489644657,51.56000566482544,10320,True,small,1440,small_seed456_s26
de,small_seed456,27,555566737.353149,3.381372636774245,56.94280930114696,17714.33663525002,162.95531489644657,55.713507890701294,10319,True,small,1440,small_seed456_s27
de,small_seed456,28,555566737.353149,3.381372636774245,56.94280930114696,17714.33663525002,162.95531489644657,64.6280128955841,10326,True,small,1440,small_seed456_s28
de,small_seed456,29,555566737.353149,3.381372636774245,56.94280930114696,17714.33663525002,162.95531489644657,66.72136640548706,10305,True,small,1440,small_seed456_s29
de,small_seed456,30,555566737.353149,3.381372636774245,56.94280930114696,17714.33663525002,162.95531489644657,66.6360924243927,10288,True,small,1440,small_seed456_s30
de,medium_seed42,1,551611597.6838298,3.440152304475277,56.48101833972543,17939.98800711172,571.3854187049747,144.6752347946167,10323,True,medium,3600,medium_seed42_s1
de,medium_seed42,2,551611597.6838298,3.440152304475277,56.48101833972543,17939.98800711172,571.3854187049747,127.10050106048584,10293,True,medium,3600,medium_seed42_s2
de,medium_seed42,3,551575019.6038299,3.4465553131295867,56.47938808850147,17938.48184044505,571.3854187049747,125.19640874862672,10330,True,medium,3600,medium_seed42_s3
de,medium_seed42,4,551611597.6838298,3.440152304475277,56.48101833972543,17939.98800711172,571.3854187049747,117.62845015525818,10348,True,medium,3600,medium_seed42_s4
de,medium_seed42,5,551611597.6838298,3.440152304475277,56.48101833972543,17939.98800711172,571.3854187049747,96.78517198562622,10303,True,medium,3600,medium_seed42_s5
de,medium_seed42,6,551611597.6838298,3.440152304475277,56.48101833972543,17939.98800711172,571.3854187049747,132.8562753200531,10305,True,medium,3600,medium_seed42_s6
de,medium_seed42,7,551611597.6838298,3.440152304475277,56.48101833972543,17939.98800711172,571.3854187049747,154.0889172554016,10311,True,medium,3600,medium_seed42_s7
de,medium_seed42,8,551611597.6838298,3.440152304475277,56.48101833972543,17939.98800711172,571.3854187049747,208.4550516605377,10329,True,medium,3600,medium_seed42_s8
de,medium_seed42,9,551611597.6838298,3.440152304475277,56.48101833972543,17939.98800711172,571.3854187049747,190.36550617218015,10318,True,medium,3600,medium_seed42_s9
de,medium_seed42,10,551611597.6838298,3.440152304475277,56.48101833972543,17939.98800711172,571.3854187049747,161.94420719146729,10310,True,medium,3600,medium_seed42_s10
de,medium_seed42,11,551611597.6838298,3.440152304475277,56.48101833972543,17939.98800711172,571.3854187049747,176.82240176200867,10311,True,medium,3600,medium_seed42_s11
de,medium_seed42,12,551611597.6838298,3.440152304475277,56.48101833972543,17939.98800711172,571.3854187049747,141.66246247291565,10298,True,medium,3600,medium_seed42_s12
de,medium_seed42,13,551593074.2838299,3.443394833621328,56.480203214113445,17939.424840445048,570.9854187049748,139.65320348739624,10322,True,medium,3600,medium_seed42_s13
de,medium_seed42,14,551611597.6838298,3.440152304475277,56.48101833972543,17939.98800711172,571.3854187049747,145.7792685031891,10296,True,medium,3600,medium_seed42_s14
de,medium_seed42,15,551611597.6838298,3.440152304475277,56.48101833972543,17939.98800711172,571.3854187049747,152.45220279693604,10333,True,medium,3600,medium_seed42_s15
de,medium_seed42,16,551611597.6838298,3.440152304475277,56.48101833972543,17939.98800711172,571.3854187049747,145.85193157196045,10299,True,medium,3600,medium_seed42_s16
de,medium_seed42,17,551611597.6838298,3.440152304475277,56.48101833972543,17939.98800711172,571.3854187049747,146.7064859867096,10322,True,medium,3600,medium_seed42_s17
de,medium_seed42,18,551611597.6838298,3.440152304475277,56.48101833972543,17939.98800711172,571.3854187049747,137.61373662948608,10299,True,medium,3600,medium_seed42_s18
de,medium_seed42,19,551611597.6838298,3.440152304475277,56.48101833972543,17939.98800711172,571.3854187049747,101.07364439964294,10321,True,medium,3600,medium_seed42_s19
de,medium_seed42,20,551611597.6838298,3.440152304475277,56.48101833972543,17939.98800711172,571.3854187049747,103.38557410240172,10296,True,medium,3600,medium_seed42_s20
de,medium_seed42,21,551611597.6838298,3.440152304475277,56.48101833972543,17939.98800711172,571.3854187049747,151.38924479484558,10302,True,medium,3600,medium_seed42_s21
de,medium_seed42,22,551611597.6838298,3.440152304475277,56.48101833972543,17939.98800711172,571.3854187049747,160.68902945518494,10314,True,medium,3600,medium_seed42_s22
de,medium_seed42,23,551611597.6838298,3.440152304475277,56.48101833972543,17939.98800711172,571.3854187049747,154.34625005722046,10301,True,medium,3600,medium_seed42_s23
de,medium_seed42,24,551592931.6838298,3.443419795812756,56.48020321411346,17939.548007111716,571.3854187049747,157.23542547225952,10336,True,medium,3600,medium_seed42_s24
de,medium_seed42,25,551611597.6838298,3.440152304475277,56.48101833972543,17939.98800711172,571.3854187049747,144.47031354904175,10284,True,medium,3600,medium_seed42_s25
de,medium_seed42,26,551611597.6838298,3.440152304475277,56.48101833972543,17939.98800711172,571.3854187049747,118.36972832679749,10323,True,medium,3600,medium_seed42_s26
de,medium_seed42,27,551611597.6838298,3.440152304475277,56.48101833972543,17939.98800711172,571.3854187049747,90.66941571235655,10319,True,medium,3600,medium_seed42_s27
de,medium_seed42,28,551593074.2838299,3.443394833621328,56.480203214113445,17939.424840445048,570.9854187049748,131.67634296417236,10332,True,medium,3600,medium_seed42_s28
de,medium_seed42,29,551611597.6838298,3.440152304475277,56.48101833972543,17939.98800711172,571.3854187049747,150.74676609039307,10305,True,medium,3600,medium_seed42_s29
de,medium_seed42,30,551611597.6838298,3.440152304475277,56.48101833972543,17939.98800711172,571.3854187049747,150.42947363853455,10288,True,medium,3600,medium_seed42_s30
de,medium_seed123,1,557587550.8502722,3.328640728981456,57.05428395569025,17676.23881302,0.0,151.05875277519226,10322,True,medium,3600,medium_seed123_s1
de,medium_seed123,2,557587550.8502722,3.328640728981456,57.05428395569025,17676.23881302,0.0,182.4208643436432,10298,True,medium,3600,medium_seed123_s2
de,medium_seed123,3,557569259.8502722,3.331811918563666,57.053461312779305,17675.486313020003,0.0,152.92108964920044,10319,True,medium,3600,medium_seed123_s3
de,medium_seed123,4,557568425.8502722,3.331956512741762,57.053461312779305,17676.17631302,0.0,109.3873851299286,10348,True,medium,3600,medium_seed123_s4
de,medium_seed123,5,557587550.8502722,3.328640728981456,57.05428395569025,17676.23881302,0.0,163.59462428092957,10303,True,medium,3600,medium_seed123_s5
de,medium_seed123,6,557587550.8502722,3.328640728981456,57.05428395569025,17676.23881302,0.0,257.65377163887024,10295,True,medium,3600,medium_seed123_s6
de,medium_seed123,7,557587550.8502722,3.328640728981456,57.05428395569025,17676.23881302,0.0,246.0420320034027,10311,True,medium,3600,medium_seed123_s7
de,medium_seed123,8,557458957.3502722,3.350935538862812,57.04852545531364,17671.417563020004,0.0,245.0000112056732,10322,True,medium,3600,medium_seed123_s8
de,medium_seed123,9,557587550.8502722,3.328640728981456,57.05428395569025,17676.23881302,0.0,373.3417739868164,10319,True,medium,3600,medium_seed123_s9
de,medium_seed123,10,557587550.8502722,3.328640728981456,57.05428395569025,17676.23881302,0.0,192.7565970420837,10308,True,medium,3600,medium_seed123_s10
de,medium_seed123,11,557587550.8502722,3.328640728981456,57.05428395569025,17676.23881302,0.0,506.4917106628418,10311,True,medium,3600,medium_seed123_s11
de,medium_seed123,12,557587550.8502722,3.328640728981456,57.05428395569025,17676.23881302,0.0,365.5545942783356,10293,True,medium,3600,medium_seed123_s12
de,medium_seed123,13,557587550.8502722,3.328640728981456,57.05428395569025,17676.23881302,0.0,119.37706136703493,10317,True,medium,3600,medium_seed123_s13
de,medium_seed123,14,557587550.8502722,3.328640728981456,57.05428395569025,17676.23881302,0.0,128.8073329925537,10296,True,medium,3600,medium_seed123_s14
de,medium_seed123,15,557587550.8502722,3.328640728981456,57.05428395569025,17676.23881302,0.0,95.36892127990724,10335,True,medium,3600,medium_seed123_s15
de,medium_seed123,16,557587550.8502722,3.328640728981456,57.05428395569025,17676.23881302,0.0,97.42761445045473,10298,True,medium,3600,medium_seed123_s16
de,medium_seed123,17,557587550.8502722,3.328640728981456,57.05428395569025,17676.23881302,0.0,105.33282113075256,10323,True,medium,3600,medium_seed123_s17
de,medium_seed123,18,557587550.8502722,3.328640728981456,57.05428395569025,17676.23881302,0.0,107.54876065254211,10299,True,medium,3600,medium_seed123_s18
de,medium_seed123,19,557587550.8502722,3.328640728981456,57.05428395569025,17676.23881302,0.0,115.70396876335144,10321,True,medium,3600,medium_seed123_s19
de,medium_seed123,20,557587550.8502722,3.328640728981456,57.05428395569025,17676.23881302,0.0,155.41723775863647,10296,True,medium,3600,medium_seed123_s20
de,medium_seed123,21,557587550.8502722,3.328640728981456,57.05428395569025,17676.23881302,0.0,205.92842435836792,10302,True,medium,3600,medium_seed123_s21
de,medium_seed123,22,557587550.8502722,3.328640728981456,57.05428395569025,17676.23881302,0.0,204.11076831817627,10314,True,medium,3600,medium_seed123_s22
de,medium_seed123,23,557587550.8502722,3.328640728981456,57.05428395569025,17676.23881302,0.0,273.7122619152069,10301,True,medium,3600,medium_seed123_s23
de,medium_seed123,24,557587550.8502722,3.328640728981456,57.05428395569025,17676.23881302,0.0,151.01422262191772,10343,True,medium,3600,medium_seed123_s24
de,medium_seed123,25,557587550.8502722,3.328640728981456,57.05428395569025,17676.23881302,0.0,151.70977020263672,10287,True,medium,3600,medium_seed123_s25
de,medium_seed123,26,557587550.8502722,3.328640728981456,57.05428395569025,17676.23881302,0.0,192.2196023464203,10320,True,medium,3600,medium_seed123_s26
de,medium_seed123,27,557587550.8502722,3.328640728981456,57.05428395569025,17676.23881302,0.0,137.38127541542053,10319,True,medium,3600,medium_seed123_s27
de,medium_seed123,28,557569041.3102722,3.3318498077862984,57.053461312779305,17675.671979686667,0.0,107.14061522483826,10330,True,medium,3600,medium_seed123_s28
de,medium_seed123,29,557587550.8502722,3.328640728981456,57.05428395569025,17676.23881302,0.0,144.63594007492063,10305,True,medium,3600,medium_seed123_s29
de,medium_seed123,30,557587550.8502722,3.328640728981456,57.05428395569025,17676.23881302,0.0,107.17389583587646,10288,True,medium,3600,medium_seed123_s30
de,medium_seed456,1,555143346.2972611,3.399011304876867,56.84970990595867,17820.384133790027,0.0,105.80897092819214,10323,True,medium,3600,medium_seed456_s1
de,medium_seed456,2,555143346.2972611,3.399011304876867,56.84970990595867,17820.384133790027,0.0,121.92578315734865,10293,True,medium,3600,medium_seed456_s2
de,medium_seed456,3,555106761.4931324,3.4053774592649697,56.84806791362003,17818.879518843667,0.0,162.730003118515,10330,True,medium,3600,medium_seed456_s3
de,medium_seed456,4,555143346.2972611,3.399011304876867,56.84970990595867,17820.384133790027,0.0,180.84619140625,10348,True,medium,3600,medium_seed456_s4
de,medium_seed456,5,555143346.2972611,3.399011304876867,56.84970990595867,17820.384133790027,0.0,173.23105573654175,10303,True,medium,3600,medium_seed456_s5
de,medium_seed456,6,555143346.2972611,3.399011304876867,56.84970990595867,17820.384133790027,0.0,141.87643790245056,10308,True,medium,3600,medium_seed456_s6
de,medium_seed456,7,555143346.2972611,3.399011304876867,56.84970990595867,17820.384133790027,0.0,143.9238476753235,10311,True,medium,3600,medium_seed456_s7
de,medium_seed456,8,555143346.2972611,3.399011304876867,56.84970990595867,17820.384133790027,0.0,130.7091772556305,10323,True,medium,3600,medium_seed456_s8
de,medium_seed456,9,555143346.2972611,3.399011304876867,56.84970990595867,17820.384133790027,0.0,114.41126799583436,10317,True,medium,3600,medium_seed456_s9
de,medium_seed456,10,555143346.2972611,3.399011304876867,56.84970990595867,17820.384133790027,0.0,112.078843832016,10307,True,medium,3600,medium_seed456_s10
de,medium_seed456,11,555143346.2972611,3.399011304876867,56.84970990595867,17820.384133790027,0.0,112.31336188316344,10311,True,medium,3600,medium_seed456_s11
de,medium_seed456,12,555143346.2972611,3.399011304876867,56.84970990595867,17820.384133790027,0.0,139.65583872795105,10298,True,medium,3600,medium_seed456_s12
de,medium_seed456,13,555143346.2972611,3.399011304876867,56.84970990595867,17820.384133790027,0.0,127.722594499588,10324,True,medium,3600,medium_seed456_s13
de,medium_seed456,14,555143346.2972611,3.399011304876867,56.84970990595867,17820.384133790027,0.0,136.25298023223877,10296,True,medium,3600,medium_seed456_s14
de,medium_seed456,15,555143346.2972611,3.399011304876867,56.84970990595867,17820.384133790027,0.0,139.9519693851471,10368,True,medium,3600,medium_seed456_s15
de,medium_seed456,16,555143346.2972611,3.399011304876867,56.84970990595867,17820.384133790027,0.0,113.3748095035553,10299,True,medium,3600,medium_seed456_s16
de,medium_seed456,17,555143346.2972611,3.399011304876867,56.84970990595867,17820.384133790027,0.0,125.11768364906312,10323,True,medium,3600,medium_seed456_s17
de,medium_seed456,18,555143346.2972611,3.399011304876867,56.84970990595867,17820.384133790027,0.0,167.97703528404236,10299,True,medium,3600,medium_seed456_s18
de,medium_seed456,19,555143346.2972611,3.399011304876867,56.84970990595867,17820.384133790027,0.0,167.37710452079773,10321,True,medium,3600,medium_seed456_s19
de,medium_seed456,20,555143346.2972611,3.399011304876867,56.84970990595867,17820.384133790027,0.0,173.99635076522827,10296,True,medium,3600,medium_seed456_s20
de,medium_seed456,21,555143346.2972611,3.399011304876867,56.84970990595867,17820.384133790027,0.0,128.44908165931702,10302,True,medium,3600,medium_seed456_s21
de,medium_seed456,22,555143346.2972611,3.399011304876867,56.84970990595867,17820.384133790027,0.0,114.54593133926392,10314,True,medium,3600,medium_seed456_s22
de,medium_seed456,23,555143346.2972611,3.399011304876867,56.84970990595867,17820.384133790027,0.0,106.26627016067503,10301,True,medium,3600,medium_seed456_s23
de,medium_seed456,24,554957280.4972612,3.431388780644576,56.84149994426545,17815.485300456694,0.0,123.91555213928224,10329,True,medium,3600,medium_seed456_s24
de,medium_seed456,25,555143346.2972611,3.399011304876867,56.84970990595867,17820.384133790027,0.0,146.87639236450195,10284,True,medium,3600,medium_seed456_s25
de,medium_seed456,26,555143346.2972611,3.399011304876867,56.84970990595867,17820.384133790027,0.0,170.60755729675293,10323,True,medium,3600,medium_seed456_s26
de,medium_seed456,27,555143346.2972611,3.399011304876867,56.84970990595867,17820.384133790027,0.0,164.60422158241272,10319,True,medium,3600,medium_seed456_s27
de,medium_seed456,28,555124848.2972611,3.402230158351021,56.84888890978934,17819.814133790027,0.0,116.23877596855164,10330,True,medium,3600,medium_seed456_s28
de,medium_seed456,29,555143346.2972611,3.399011304876867,56.84970990595867,17820.384133790027,0.0,120.75210452079772,10305,True,medium,3600,medium_seed456_s29
de,medium_seed456,30,555143346.2972611,3.399011304876867,56.84970990595867,17820.384133790027,0.0,104.05814599990843,10288,True,medium,3600,medium_seed456_s30
de,large_seed42,1,1649033860.9298768,17.342006641982717,66.77329305456055,73053.76439079548,0.0,599.2863788604736,10776,True,large,19200,large_seed42_s1
de,large_seed42,2,1651621780.0241768,17.212286928897434,66.90021255282839,73328.13996407637,0.0,607.9409282207489,10719,True,large,19200,large_seed42_s2
de,large_seed42,3,1651931262.4687448,17.19677408925623,66.79826728613706,72553.50605267209,0.0,567.5948314666748,10607,True,large,19200,large_seed42_s3
de,large_seed42,4,1647872183.3445544,17.400235851465162,66.11767001829014,68641.07210882395,0.0,651.4417357444763,10749,True,large,19200,large_seed42_s4
de,large_seed42,5,1651900721.406897,17.198304963149827,66.76980454324848,72389.90830240375,0.0,467.17595291137695,10678,True,large,19200,large_seed42_s5
de,large_seed42,6,1652019060.9439864,17.192373181576095,66.93239747022355,73535.53662905497,0.0,554.743988275528,10652,True,large,19200,large_seed42_s6
de,large_seed42,7,1638432068.3135638,17.873422596757667,66.1660449705848,70184.94015377334,0.0,478.0653324127197,10642,True,large,19200,large_seed42_s7
de,large_seed42,8,1651946130.3455567,17.196028835388564,67.11148208671993,74791.71451693353,0.0,453.4946119785309,10655,True,large,19200,large_seed42_s8
de,large_seed42,9,1615977882.1862144,18.998941005899088,65.72253254970416,72643.08492037379,0.0,4769.233202219009,10477,True,large,19200,large_seed42_s9
de,large_seed42,10,1649957779.3366022,17.295695135993753,66.85064475549666,73341.58560582688,0.0,2470.4483172893524,10736,True,large,19200,large_seed42_s10
de,large_seed42,11,1648084037.6121612,17.389616634322568,66.95046388689748,74571.2979749547,0.0,1690.987361907959,10651,True,large,19200,large_seed42_s11
de,large_seed42,12,1652316986.652182,17.177439624544515,66.91740184999833,73364.73677922708,0.0,2087.1374509334564,10781,True,large,19200,large_seed42_s12
de,large_seed42,13,1649776517.5277903,17.30478090296543,66.92315793142066,73999.38158043617,0.0,1659.674468278885,10677,True,large,19200,large_seed42_s13
de,large_seed42,14,1649878036.727868,17.299692242529442,66.94524745985201,74058.53163988497,0.0,441.8671438694,10928,True,large,19200,large_seed42_s14
de,large_seed42,15,1632929928.4452736,18.149217928474844,65.73701103025485,69099.30088837155,0.0,424.4000566005707,10622,True,large,19200,large_seed42_s15
de,large_seed42,16,1651969675.477465,17.194848633208988,67.09046266635049,74676.79675108181,0.0,432.83460569381714,10820,True,large,19200,large_seed42_s16
de,large_seed42,17,1648006069.569703,17.393524790539555,66.84649108481051,73785.5910594291,0.0,421.90278911590576,10591,True,large,19200,large_seed42_s17
de,large_seed42,18,1648567288.212521,17.365393647844726,66.8747179038141,73943.1476579352,0.0,428.4138588905335,10706,True,large,19200,large_seed42_s18
de,large_seed42,19,1651604512.5841124,17.21315246112207,66.75767282094634,72349.28208275055,0.0,553.819953918457,10540,True,large,19200,large_seed42_s19
de,large_seed42,20,1649735003.423596,17.30686180174505,66.64609880839643,71947.10087098063,0.0,445.0296001434326,10762,True,large,19200,large_seed42_s20
de,large_seed42,21,1649981405.538581,17.29451087016847,66.88058109536973,73652.02939341837,0.0,459.89107728004456,10888,True,large,19200,large_seed42_s21
de,large_seed42,22,1649367306.1330018,17.325292666582826,66.38197769674153,70111.41503417419,0.0,483.1449627876282,10622,True,large,19200,large_seed42_s22
de,large_seed42,23,1648791962.564938,17.354131822621,66.99333802684009,74603.28152231546,0.0,477.5626230239868,10820,True,large,19200,large_seed42_s23
de,large_seed42,24,1649290503.0050592,17.32914243133888,66.74562064007937,72862.36465333267,0.0,444.8526918888092,10646,True,large,19200,large_seed42_s24
de,large_seed42,25,1645618090.5220027,17.513222488046274,65.76626362723229,66577.77120282565,0.0,3472.740017652512,10820,True,large,19200,large_seed42_s25
de,large_seed42,26,1643085794.2397437,17.640154101907417,66.53651710624429,72545.38482796802,0.0,432.37238574028015,10740,True,large,19200,large_seed42_s26
de,large_seed42,27,1652503182.9992857,17.168106513329022,66.69432045578063,71732.2024265522,0.0,440.1608288288117,10751,True,large,19200,large_seed42_s27
de,large_seed42,28,1642924438.5104346,17.648242074578874,66.73614203504854,73330.6960426632,0.0,432.6863300800324,10866,True,large,19200,large_seed42_s28
de,large_seed42,29,1634222775.500197,18.084413835720483,65.63976840718408,68138.92815403276,0.0,426.88988280296326,10736,True,large,19200,large_seed42_s29
de,large_seed42,30,1648546299.399408,17.366445714279497,66.87646766272545,73818.67168420773,0.0,419.48960518836975,10485,True,large,19200,large_seed42_s30
de,large_seed123,1,1631721356.1745634,17.678470505201037,66.46690652099149,74672.01858889492,0.0,423.3569529056549,10631,True,large,19200,large_seed123_s1
de,large_seed123,2,1632051374.8376446,17.66182082356032,66.48374448858864,74607.51830770643,0.0,478.3260369300842,10657,True,large,19200,large_seed123_s2
de,large_seed123,3,1626549212.78494,17.939408901937117,65.36753985124558,67820.3007777176,0.0,602.7790384292603,10601,True,large,19200,large_seed123_s3
de,large_seed123,4,1630572993.7592409,17.736406224486668,65.71528804899462,69471.24226159262,0.0,430.03273367881775,10664,True,large,19200,large_seed123_s4
de,large_seed123,5,1636287899.006754,17.448085097161297,66.53382192625624,74058.14220278115,0.0,430.6798405647278,10774,True,large,19200,large_seed123_s5
de,large_seed123,6,1633837395.396525,17.571714787036484,66.523261523175,74415.9597191612,0.0,431.02488708496094,10760,True,large,19200,large_seed123_s6
de,large_seed123,7,1622929718.521222,18.122015020720458,65.21833339284808,67537.96393869133,0.0,419.9489269256592,10563,True,large,19200,large_seed123_s7
de,large_seed123,8,1635443547.0314193,17.49068326858222,66.49342807851673,73977.37928906141,0.0,430.13610768318176,10773,True,large,19200,large_seed123_s8
de,large_seed123,9,1599880614.0588107,19.28485910905149,65.3291573076122,73294.83398351418,0.0,424.4152283668518,10618,True,large,19200,large_seed123_s9
de,large_seed123,10,1634414533.7001047,17.542597739753298,66.32268837768194,72946.27564204918,0.0,427.1127851009369,10696,True,large,19200,large_seed123_s10
de,large_seed123,11,1632934741.0947075,17.61725435324335,66.13847733866787,72028.60147350484,0.0,422.38345551490784,10619,True,large,19200,large_seed123_s11
de,large_seed123,12,1636577634.7057798,17.433467720362987,66.46089654292498,73480.75595481004,0.0,429.9514918327332,10775,True,large,19200,large_seed123_s12
de,large_seed123,13,1635234314.9481196,17.501239179400834,66.50419004014556,74060.878154002,0.0,450.28697538375854,10693,True,large,19200,large_seed123_s13
de,large_seed123,14,1634361027.071504,17.54529718809223,66.6912228319312,75615.72812709017,0.0,627.0907924175262,10817,True,large,19200,large_seed123_s14
de,large_seed123,15,1616523999.568668,18.44518820203148,64.93581545969404,66841.20385508097,0.0,448.86404943466187,10688,True,large,19200,large_seed123_s15
de,large_seed123,16,1634276297.1438456,17.54957187458354,66.46382332092601,73975.4226370424,0.0,422.887832403183,10560,True,large,19200,large_seed123_s16
de,large_seed123,17,1632722300.5519607,17.627972133175227,66.60661398914519,75429.51078250157,0.0,434.4375293254852,10794,True,large,19200,large_seed123_s17
de,large_seed123,18,1632317530.5326958,17.64839307511696,66.46316498833703,74479.68729661402,0.0,422.19919061660767,10645,True,large,19200,large_seed123_s18
de,large_seed123,19,1636254484.2032683,17.449770898306387,66.30353224704547,72431.70609121124,0.0,428.6192209720612,10696,True,large,19200,large_seed123_s19
de,large_seed123,20,1635183977.819052,17.503778724182514,66.44474598170375,73633.02098164815,0.0,429.0648355484009,10735,True,large,19200,large_seed123_s20
de,large_seed123,21,1636563910.3224463,17.434160125486635,66.66943383034675,74969.61794223674,0.0,433.5618011951447,10823,True,large,19200,large_seed123_s21
de,large_seed123,22,1634792022.599328,17.523553150164652,66.54685516389569,74467.61017211758,0.0,433.07781291008,10849,True,large,19200,large_seed123_s22
de,large_seed123,23,1634114395.787001,17.55773991581944,66.48802658839762,74284.32092253643,0.0,427.0226149559021,10767,True,large,19200,large_seed123_s23
de,large_seed123,24,1636598808.3408933,17.432399495067713,66.35846695990774,72693.05856145748,0.0,422.03260684013367,10587,True,large,19200,large_seed123_s24
de,large_seed123,25,1626841852.8359892,17.924644998466317,65.52762282370385,68936.32075021227,0.0,432.5258719921112,10758,True,large,19200,large_seed123_s25
de,large_seed123,26,1632309815.788421,17.648782289578097,66.46910437348616,74520.2264466296,0.0,428.0642466545105,10773,True,large,19200,large_seed123_s26
de,large_seed123,27,1617366979.6611297,18.40265924309955,65.21520988736941,68681.28908380249,0.0,423.112649679184,10642,True,large,19200,large_seed123_s27
de,large_seed123,28,1612794826.0422778,18.633327719408182,65.21259587260704,69347.82865910951,0.0,423.25228548049927,10624,True,large,19200,large_seed123_s28
de,large_seed123,29,1619017070.6795864,18.31941095077869,65.72217805792582,71863.83830322884,0.0,427.29493379592896,10715,True,large,19200,large_seed123_s29
de,large_seed123,30,1622458785.209834,18.145773948883527,65.38762242275317,68834.20102999151,0.0,423.7682960033417,10694,True,large,19200,large_seed123_s30
de,large_seed456,1,1644025103.803436,17.516408354603172,66.62806983986742,72312.35567418218,0.0,427.992290019989,10733,True,large,19200,large_seed456_s1
de,large_seed456,2,1643929673.769983,17.52119624494124,66.77525369746567,73327.52155251577,0.0,419.33734011650085,10582,True,large,19200,large_seed456_s2
de,large_seed456,3,1638309504.286839,17.803169898234675,65.83632146995187,67895.42731198146,0.0,478.2068641185761,10576,True,large,19200,large_seed456_s3
de,large_seed456,4,1642091514.569455,17.61341988101883,66.17258773541013,69526.78576628775,0.0,667.1565673351288,10683,True,large,19200,large_seed456_s4
de,large_seed456,5,1645364299.7908096,17.44921856857124,66.83827238812134,73491.82355268877,0.0,585.2496638298035,10575,True,large,19200,large_seed456_s5
de,large_seed456,6,1645272656.3287983,17.45381648005082,66.8149408877909,73355.03935144898,0.0,701.9380815029144,10646,True,large,19200,large_seed456_s6
de,large_seed456,7,1635771059.2339077,17.93052809043982,65.67625025548152,67269.3747871506,0.0,746.9812848567963,10859,True,large,19200,large_seed456_s7
de,large_seed456,8,1646098991.9715924,17.412357787258014,66.84846592798445,73370.5770668669,0.0,641.6959590911865,10592,True,large,19200,large_seed456_s8
de,large_seed456,9,1609616980.241227,19.24272360771195,65.55565216405881,72028.34766687133,0.0,1050.7633185386658,10565,True,large,19200,large_seed456_s9
de,large_seed456,10,1643313096.8555431,17.55213097842614,66.71215537934614,73061.02720332623,0.0,2374.9263186454773,10701,True,large,19200,large_seed456_s10
de,large_seed456,11,1644670001.6878514,17.484052708921098,66.8187886673396,73564.36736798189,0.0,1218.9532568454742,10606,True,large,19200,large_seed456_s11
de,large_seed456,12,1647765154.44554,17.328763525346787,66.94818893690758,73767.14363896892,0.0,523.3125035762787,10701,True,large,19200,large_seed456_s12
de,large_seed456,13,1645329584.1265802,17.450960313673168,66.78108623464337,73108.5641633968,0.0,507.949474811554,10707,True,large,19200,large_seed456_s13
de,large_seed456,14,1645470948.9102426,17.44386779722578,67.09891821019764,75295.89371058186,0.0,726.8541765213013,10791,True,large,19200,large_seed456_s14
de,large_seed456,15,1627983323.6812255,18.32125229391072,65.62754624766484,68559.90727093095,0.0,660.4962973594666,10628,True,large,19200,large_seed456_s15
de,large_seed456,16,1645643927.6904726,17.435189151724074,66.8112993109933,73223.24499549801,0.0,696.1904256343842,10722,True,large,19200,large_seed456_s16
de,large_seed456,17,1642200327.8190415,17.607960531509047,66.31280957292745,70361.46245238779,0.0,783.2782113552094,10829,True,large,19200,large_seed456_s17
de,large_seed456,18,1643547315.1451874,17.540379840493873,66.53670952614364,71776.48152568388,0.0,480.3083007335663,10626,True,large,19200,large_seed456_s18
de,large_seed456,19,1645453316.1889446,17.444752461443972,66.74045826688041,72760.47815451329,0.0,467.1472380161285,10645,True,large,19200,large_seed456_s19
de,large_seed456,20,1643090105.6466956,17.563318834237187,67.15344046679569,76215.29474938016,0.0,780.9218895435333,10624,True,large,19200,large_seed456_s20
de,large_seed456,21,1619580152.633838,18.74285396385822,65.54720180559555,69860.81834127809,0.0,555.6562309265137,10662,True,large,19200,large_seed456_s21
de,large_seed456,22,1647475277.2255423,17.34330716837648,66.80759854135219,72781.93923853594,0.0,799.8220524787903,10753,True,large,19200,large_seed456_s22
de,large_seed456,23,1644037283.5918913,17.51579727348589,66.57782885628227,71928.74910164649,0.0,462.14473605155945,10747,True,large,19200,large_seed456_s23
de,large_seed456,24,1645224526.730193,17.456231225511992,66.77427625146439,73135.29710890233,0.0,455.3984832763672,10630,True,large,19200,large_seed456_s24
de,large_seed456,25,1646853296.5507116,17.374513017895072,67.32825407498717,76646.9717203208,0.0,475.46816396713257,10679,True,large,19200,large_seed456_s25
de,large_seed456,26,1646425601.809779,17.39597120504706,66.95879744867568,74122.63409182192,0.0,472.05852460861206,10818,True,large,19200,large_seed456_s26
de,large_seed456,27,1646550103.0730853,17.389724760672127,66.84827031560339,73326.38054744195,0.0,461.4773037433624,10663,True,large,19200,large_seed456_s27
de,large_seed456,28,1642768661.218555,17.579446258864763,66.85468262175944,73839.74134001529,0.0,460.1892533302307,10654,True,large,19200,large_seed456_s28
de,large_seed456,29,1646106355.311958,17.41198835569735,66.74189397368932,72601.72613398448,0.0,479.9150025844574,10826,True,large,19200,large_seed456_s29
de,large_seed456,30,1632690211.3437858,18.085099573991062,65.46536704839129,66392.27075272065,0.0,572.1605100631714,10671,True,large,19200,large_seed456_s30
ga_sa,small_seed42,1,552277686.7837336,3.369528549901049,56.4843758197804,17821.311832720072,491.17381517409456,33.47054433822632,5646,True,small,1440,small_seed42_s1
ga_sa,small_seed42,2,552277686.7837336,3.369528549901049,56.4843758197804,17821.311832720072,491.17381517409456,27.549961805343628,5727,True,small,1440,small_seed42_s2
ga_sa,small_seed42,3,552277686.7837336,3.369528549901049,56.4843758197804,17821.311832720072,491.17381517409456,27.78976249694824,6354,True,small,1440,small_seed42_s3
ga_sa,small_seed42,4,552277686.7837336,3.369528549901049,56.4843758197804,17821.311832720072,491.17381517409456,29.956857204437256,6390,True,small,1440,small_seed42_s4
ga_sa,small_seed42,5,552277686.7837336,3.369528549901049,56.4843758197804,17821.311832720072,491.17381517409456,28.846835374832157,6272,True,small,1440,small_seed42_s5
ga_sa,small_seed42,6,552277686.7837336,3.369528549901049,56.4843758197804,17821.311832720072,491.17381517409456,36.35419273376465,5963,True,small,1440,small_seed42_s6
ga_sa,small_seed42,7,552277686.7837336,3.369528549901049,56.4843758197804,17821.311832720072,491.17381517409456,37.56378173828125,6274,True,small,1440,small_seed42_s7
ga_sa,small_seed42,8,552277686.7837336,3.369528549901049,56.4843758197804,17821.311832720072,491.17381517409456,35.043493032455444,5649,True,small,1440,small_seed42_s8
ga_sa,small_seed42,9,552277686.7837336,3.369528549901049,56.4843758197804,17821.311832720072,491.17381517409456,41.22394490242005,6969,True,small,1440,small_seed42_s9
ga_sa,small_seed42,10,552277686.7837336,3.369528549901049,56.4843758197804,17821.311832720072,491.17381517409456,33.45944571495056,5847,True,small,1440,small_seed42_s10
ga_sa,small_seed42,11,552277686.7837336,3.369528549901049,56.4843758197804,17821.311832720072,491.17381517409456,39.2387444972992,8136,True,small,1440,small_seed42_s11
ga_sa,small_seed42,12,552277686.7837336,3.369528549901049,56.4843758197804,17821.311832720072,491.17381517409456,26.795305728912357,5731,True,small,1440,small_seed42_s12
ga_sa,small_seed42,13,552277686.7837336,3.369528549901049,56.4843758197804,17821.311832720072,491.17381517409456,32.34642672538757,5884,True,small,1440,small_seed42_s13
ga_sa,small_seed42,14,552277686.7837336,3.369528549901049,56.4843758197804,17821.311832720072,491.17381517409456,29.143415212631226,6466,True,small,1440,small_seed42_s14
ga_sa,small_seed42,15,552277686.7837336,3.369528549901049,56.4843758197804,17821.311832720072,491.17381517409456,34.9126935005188,6353,True,small,1440,small_seed42_s15
ga_sa,small_seed42,16,552277686.7837336,3.369528549901049,56.4843758197804,17821.311832720072,491.17381517409456,40.026611328125,5958,True,small,1440,small_seed42_s16
ga_sa,small_seed42,17,552277686.7837336,3.369528549901049,56.4843758197804,17821.311832720072,491.17381517409456,36.049262285232544,5691,True,small,1440,small_seed42_s17
ga_sa,small_seed42,18,552277686.7837336,3.369528549901049,56.4843758197804,17821.311832720072,491.17381517409456,40.60111856460571,5800,True,small,1440,small_seed42_s18
ga_sa,small_seed42,19,552277686.7837336,3.369528549901049,56.4843758197804,17821.311832720072,491.17381517409456,37.55198884010315,5305,True,small,1440,small_seed42_s19
ga_sa,small_seed42,20,552277686.7837336,3.369528549901049,56.4843758197804,17821.311832720072,491.17381517409456,50.4988214969635,6974,True,small,1440,small_seed42_s20
ga_sa,small_seed42,21,552277686.7837336,3.369528549901049,56.4843758197804,17821.311832720072,491.17381517409456,44.66864967346192,5808,True,small,1440,small_seed42_s21
ga_sa,small_seed42,22,552277686.7837336,3.369528549901049,56.4843758197804,17821.311832720072,491.17381517409456,51.5517156124115,6591,True,small,1440,small_seed42_s22
ga_sa,small_seed42,23,552277686.7837336,3.369528549901049,56.4843758197804,17821.311832720072,491.17381517409456,85.73504161834717,7594,True,small,1440,small_seed42_s23
ga_sa,small_seed42,24,552277686.7837336,3.369528549901049,56.4843758197804,17821.311832720072,491.17381517409456,158.0637764930725,5963,True,small,1440,small_seed42_s24
ga_sa,small_seed42,25,552277686.7837336,3.369528549901049,56.4843758197804,17821.311832720072,491.17381517409456,133.579448223114,5926,True,small,1440,small_seed42_s25
ga_sa,small_seed42,26,552277686.7837336,3.369528549901049,56.4843758197804,17821.311832720072,491.17381517409456,57.375447034835815,5299,True,small,1440,small_seed42_s26
ga_sa,small_seed42,27,552277686.7837336,3.369528549901049,56.4843758197804,17821.311832720072,491.17381517409456,45.18247127532959,5850,True,small,1440,small_seed42_s27
ga_sa,small_seed42,28,552277686.7837336,3.369528549901049,56.4843758197804,17821.311832720072,491.17381517409456,87.42022490501404,6278,True,small,1440,small_seed42_s28
ga_sa,small_seed42,29,552277686.7837336,3.369528549901049,56.4843758197804,17821.311832720072,491.17381517409456,127.64950013160706,5848,True,small,1440,small_seed42_s29
ga_sa,small_seed42,30,552277686.7837336,3.369528549901049,56.4843758197804,17821.311832720072,491.17381517409456,170.10441064834595,7603,True,small,1440,small_seed42_s30
ga_sa,small_seed123,1,558430771.4228833,3.432795980121438,57.1520122955377,17929.504511549763,0.0,125.78409624099731,5685,True,small,1440,small_seed123_s1
ga_sa,small_seed123,2,558430771.4228833,3.432795980121438,57.1520122955377,17929.504511549763,0.0,121.5579957962036,5727,True,small,1440,small_seed123_s2
ga_sa,small_seed123,3,558430771.4228833,3.432795980121438,57.1520122955377,17929.504511549763,0.0,155.73517203330994,7170,True,small,1440,small_seed123_s3
ga_sa,small_seed123,4,558430771.4228833,3.432795980121438,57.1520122955377,17929.504511549763,0.0,141.43741846084595,6390,True,small,1440,small_seed123_s4
ga_sa,small_seed123,5,558430771.4228833,3.432795980121438,57.1520122955377,17929.504511549763,0.0,178.7968933582306,6976,True,small,1440,small_seed123_s5
ga_sa,small_seed123,6,558430771.4228833,3.432795980121438,57.1520122955377,17929.504511549763,0.0,131.0205340385437,5963,True,small,1440,small_seed123_s6
ga_sa,small_seed123,7,558430771.4228833,3.432795980121438,57.1520122955377,17929.504511549763,0.0,135.95722246170044,6274,True,small,1440,small_seed123_s7
ga_sa,small_seed123,8,558430771.4228833,3.432795980121438,57.1520122955377,17929.504511549763,0.0,138.10048389434814,6465,True,small,1440,small_seed123_s8
ga_sa,small_seed123,9,558430771.4228833,3.432795980121438,57.1520122955377,17929.504511549763,0.0,119.21319437026978,5959,True,small,1440,small_seed123_s9
ga_sa,small_seed123,10,558430771.4228833,3.432795980121438,57.1520122955377,17929.504511549763,0.0,160.67860960960388,5729,True,small,1440,small_seed123_s10
ga_sa,small_seed123,11,558430771.4228833,3.432795980121438,57.1520122955377,17929.504511549763,0.0,144.20524907112122,5844,True,small,1440,small_seed123_s11
ga_sa,small_seed123,12,558430771.4228833,3.432795980121438,57.1520122955377,17929.504511549763,0.0,153.4343011379242,5339,True,small,1440,small_seed123_s12
ga_sa,small_seed123,13,558430771.4228833,3.432795980121438,57.1520122955377,17929.504511549763,0.0,83.9079475402832,5336,True,small,1440,small_seed123_s13
ga_sa,small_seed123,14,558430771.4228833,3.432795980121438,57.1520122955377,17929.504511549763,0.0,46.53201627731323,6466,True,small,1440,small_seed123_s14
ga_sa,small_seed123,15,558430771.4228833,3.432795980121438,57.1520122955377,17929.504511549763,0.0,53.8362832069397,6353,True,small,1440,small_seed123_s15
ga_sa,small_seed123,16,558430771.4228833,3.432795980121438,57.1520122955377,17929.504511549763,0.0,58.77842545509338,5958,True,small,1440,small_seed123_s16
ga_sa,small_seed123,17,558430771.4228833,3.432795980121438,57.1520122955377,17929.504511549763,0.0,73.4004476070404,5691,True,small,1440,small_seed123_s17
ga_sa,small_seed123,18,558430771.4228833,3.432795980121438,57.1520122955377,17929.504511549763,0.0,73.29769706726074,5800,True,small,1440,small_seed123_s18
ga_sa,small_seed123,19,558430771.4228833,3.432795980121438,57.1520122955377,17929.504511549763,0.0,62.68665862083435,5305,True,small,1440,small_seed123_s19
ga_sa,small_seed123,20,558430771.4228833,3.432795980121438,57.1520122955377,17929.504511549763,0.0,45.06621479988098,5300,True,small,1440,small_seed123_s20
ga_sa,small_seed123,21,558430771.4228833,3.432795980121438,57.1520122955377,17929.504511549763,0.0,39.53174901008606,5300,True,small,1440,small_seed123_s21
ga_sa,small_seed123,22,558430771.4228833,3.432795980121438,57.1520122955377,17929.504511549763,0.0,45.80787968635559,6591,True,small,1440,small_seed123_s22
ga_sa,small_seed123,23,558430771.4228833,3.432795980121438,57.1520122955377,17929.504511549763,0.0,48.162761211395264,6314,True,small,1440,small_seed123_s23
ga_sa,small_seed123,24,558430771.4228833,3.432795980121438,57.1520122955377,17929.504511549763,0.0,47.62661600112915,6352,True,small,1440,small_seed123_s24
ga_sa,small_seed123,25,558430771.4228833,3.432795980121438,57.1520122955377,17929.504511549763,0.0,48.29472589492798,5926,True,small,1440,small_seed123_s25
ga_sa,small_seed123,26,558430771.4228833,3.432795980121438,57.1520122955377,17929.504511549763,0.0,49.23707699775696,5767,True,small,1440,small_seed123_s26
ga_sa,small_seed123,27,558430771.4228833,3.432795980121438,57.1520122955377,17929.504511549763,0.0,48.15417814254761,5850,True,small,1440,small_seed123_s27
ga_sa,small_seed123,28,558430771.4228833,3.432795980121438,57.1520122955377,17929.504511549763,0.0,48.789676904678345,6278,True,small,1440,small_seed123_s28
ga_sa,small_seed123,29,558430771.4228833,3.432795980121438,57.1520122955377,17929.504511549763,0.0,49.90128946304321,5848,True,small,1440,small_seed123_s29
ga_sa,small_seed123,30,558430771.4228833,3.432795980121438,57.1520122955377,17929.504511549763,0.0,62.18233251571655,7525,True,small,1440,small_seed123_s30
ga_sa,small_seed456,1,555566737.353149,3.381372636774245,56.94280930114696,17714.33663525002,162.95531489644657,42.48249793052673,5685,True,small,1440,small_seed456_s1
ga_sa,small_seed456,2,555566737.353149,3.381372636774245,56.94280930114696,17714.33663525002,162.95531489644657,53.46987438201904,5727,True,small,1440,small_seed456_s2
ga_sa,small_seed456,3,555566737.353149,3.381372636774245,56.94280930114696,17714.33663525002,162.95531489644657,49.41616415977478,6314,True,small,1440,small_seed456_s3
ga_sa,small_seed456,4,555566737.353149,3.381372636774245,56.94280930114696,17714.33663525002,162.95531489644657,49.88074445724487,6429,True,small,1440,small_seed456_s4
ga_sa,small_seed456,5,555566737.353149,3.381372636774245,56.94280930114696,17714.33663525002,162.95531489644657,55.42202949523926,7132,True,small,1440,small_seed456_s5
ga_sa,small_seed456,6,555566737.353149,3.381372636774245,56.94280930114696,17714.33663525002,162.95531489644657,49.73465943336487,5963,True,small,1440,small_seed456_s6
ga_sa,small_seed456,7,555566737.353149,3.381372636774245,56.94280930114696,17714.33663525002,162.95531489644657,36.72446656227112,5926,True,small,1440,small_seed456_s7
ga_sa,small_seed456,8,555566737.353149,3.381372636774245,56.94280930114696,17714.33663525002,162.95531489644657,25.810085773468018,6465,True,small,1440,small_seed456_s8
ga_sa,small_seed456,9,555566737.353149,3.381372636774245,56.94280930114696,17714.33663525002,162.95531489644657,23.173704862594604,5959,True,small,1440,small_seed456_s9
ga_sa,small_seed456,10,555566737.353149,3.381372636774245,56.94280930114696,17714.33663525002,162.95531489644657,23.913055419921875,5847,True,small,1440,small_seed456_s10
ga_sa,small_seed456,11,555566737.353149,3.381372636774245,56.94280930114696,17714.33663525002,162.95531489644657,23.86322832107544,5767,True,small,1440,small_seed456_s11
ga_sa,small_seed456,12,555566737.353149,3.381372636774245,56.94280930114696,17714.33663525002,162.95531489644657,31.310832500457764,5731,True,small,1440,small_seed456_s12
ga_sa,small_seed456,13,555566737.353149,3.381372636774245,56.94280930114696,17714.33663525002,162.95531489644657,37.08725786209106,5884,True,small,1440,small_seed456_s13
ga_sa,small_seed456,14,555566737.353149,3.381372636774245,56.94280930114696,17714.33663525002,162.95531489644657,55.35133528709412,6466,True,small,1440,small_seed456_s14
ga_sa,small_seed456,15,555566737.353149,3.381372636774245,56.94280930114696,17714.33663525002,162.95531489644657,78.94383549690247,6353,True,small,1440,small_seed456_s15
ga_sa,small_seed456,16,555566737.353149,3.381372636774245,56.94280930114696,17714.33663525002,162.95531489644657,51.068018674850464,5958,True,small,1440,small_seed456_s16
ga_sa,small_seed456,17,555566737.353149,3.381372636774245,56.94280930114696,17714.33663525002,162.95531489644657,36.89406490325928,5691,True,small,1440,small_seed456_s17
ga_sa,small_seed456,18,555566737.353149,3.381372636774245,56.94280930114696,17714.33663525002,162.95531489644657,41.49247694015503,5800,True,small,1440,small_seed456_s18
ga_sa,small_seed456,19,555566737.353149,3.381372636774245,56.94280930114696,17714.33663525002,162.95531489644657,33.71387434005737,5305,True,small,1440,small_seed456_s19
ga_sa,small_seed456,20,555566737.353149,3.381372636774245,56.94280930114696,17714.33663525002,162.95531489644657,49.84271001815796,6974,True,small,1440,small_seed456_s20
ga_sa,small_seed456,21,555566737.353149,3.381372636774245,56.94280930114696,17714.33663525002,162.95531489644657,39.55352735519409,5260,True,small,1440,small_seed456_s21
ga_sa,small_seed456,22,555566737.353149,3.381372636774245,56.94280930114696,17714.33663525002,162.95531489644657,47.04553842544556,6896,True,small,1440,small_seed456_s22
ga_sa,small_seed456,23,555566737.353149,3.381372636774245,56.94280930114696,17714.33663525002,162.95531489644657,44.18032789230347,6314,True,small,1440,small_seed456_s23
ga_sa,small_seed456,24,555566737.353149,3.381372636774245,56.94280930114696,17714.33663525002,162.95531489644657,43.48498010635376,6352,True,small,1440,small_seed456_s24
ga_sa,small_seed456,25,555566737.353149,3.381372636774245,56.94280930114696,17714.33663525002,162.95531489644657,40.894965410232544,5847,True,small,1440,small_seed456_s25
ga_sa,small_seed456,26,555566737.353149,3.381372636774245,56.94280930114696,17714.33663525002,162.95531489644657,40.92095947265625,5726,True,small,1440,small_seed456_s26
ga_sa,small_seed456,27,555566737.353149,3.381372636774245,56.94280930114696,17714.33663525002,162.95531489644657,39.71547055244446,5850,True,small,1440,small_seed456_s27
ga_sa,small_seed456,28,555566737.353149,3.381372636774245,56.94280930114696,17714.33663525002,162.95531489644657,43.55848979949951,6278,True,small,1440,small_seed456_s28
ga_sa,small_seed456,29,555566737.353149,3.381372636774245,56.94280930114696,17714.33663525002,162.95531489644657,40.51141285896301,5848,True,small,1440,small_seed456_s29
ga_sa,small_seed456,30,555566737.353149,3.381372636774245,56.94280930114696,17714.33663525002,162.95531489644657,43.125099182128906,6510,True,small,1440,small_seed456_s30
ga_sa,medium_seed42,1,551611597.6838298,3.440152304475277,56.48101833972543,17939.98800711172,571.3854187049747,87.83849048614502,5260,True,medium,3600,medium_seed42_s1
ga_sa,medium_seed42,2,551611597.6838298,3.440152304475277,56.48101833972543,17939.98800711172,571.3854187049747,99.12467169761658,5727,True,medium,3600,medium_seed42_s2
ga_sa,medium_seed42,3,551611597.6838298,3.440152304475277,56.48101833972543,17939.98800711172,571.3854187049747,97.97939825057983,6354,True,medium,3600,medium_seed42_s3
ga_sa,medium_seed42,4,551611597.6838298,3.440152304475277,56.48101833972543,17939.98800711172,571.3854187049747,138.0740602016449,6973,True,medium,3600,medium_seed42_s4
ga_sa,medium_seed42,5,551611597.6838298,3.440152304475277,56.48101833972543,17939.98800711172,571.3854187049747,131.4509904384613,6272,True,medium,3600,medium_seed42_s5
ga_sa,medium_seed42,6,551611597.6838298,3.440152304475277,56.48101833972543,17939.98800711172,571.3854187049747,120.79323387145996,5963,True,medium,3600,medium_seed42_s6
ga_sa,medium_seed42,7,551611597.6838298,3.440152304475277,56.48101833972543,17939.98800711172,571.3854187049747,117.95965647697447,6274,True,medium,3600,medium_seed42_s7
ga_sa,medium_seed42,8,551611597.6838298,3.440152304475277,56.48101833972543,17939.98800711172,571.3854187049747,108.6788637638092,5649,True,medium,3600,medium_seed42_s8
ga_sa,medium_seed42,9,551611597.6838298,3.440152304475277,56.48101833972543,17939.98800711172,571.3854187049747,138.3270606994629,6969,True,medium,3600,medium_seed42_s9
ga_sa,medium_seed42,10,551611597.6838298,3.440152304475277,56.48101833972543,17939.98800711172,571.3854187049747,104.69593501091003,5729,True,medium,3600,medium_seed42_s10
ga_sa,medium_seed42,11,551611597.6838298,3.440152304475277,56.48101833972543,17939.98800711172,571.3854187049747,132.4049906730652,8136,True,medium,3600,medium_seed42_s11
ga_sa,medium_seed42,12,551611597.6838298,3.440152304475277,56.48101833972543,17939.98800711172,571.3854187049747,107.14887166023254,5731,True,medium,3600,medium_seed42_s12
ga_sa,medium_seed42,13,551611597.6838298,3.440152304475277,56.48101833972543,17939.98800711172,571.3854187049747,96.76656174659728,5336,True,medium,3600,medium_seed42_s13
ga_sa,medium_seed42,14,551611597.6838298,3.440152304475277,56.48101833972543,17939.98800711172,571.3854187049747,115.020827293396,6466,True,medium,3600,medium_seed42_s14
ga_sa,medium_seed42,15,551611597.6838298,3.440152304475277,56.48101833972543,17939.98800711172,571.3854187049747,98.1714174747467,6353,True,medium,3600,medium_seed42_s15
ga_sa,medium_seed42,16,551611597.6838298,3.440152304475277,56.48101833972543,17939.98800711172,571.3854187049747,80.14926719665527,5958,True,medium,3600,medium_seed42_s16
ga_sa,medium_seed42,17,551611597.6838298,3.440152304475277,56.48101833972543,17939.98800711172,571.3854187049747,125.36736941337584,7091,True,medium,3600,medium_seed42_s17
ga_sa,medium_seed42,18,551611597.6838298,3.440152304475277,56.48101833972543,17939.98800711172,571.3854187049747,106.51388430595398,5800,True,medium,3600,medium_seed42_s18
ga_sa,medium_seed42,19,551611597.6838298,3.440152304475277,56.48101833972543,17939.98800711172,571.3854187049747,83.7149429321289,5305,True,medium,3600,medium_seed42_s19
ga_sa,medium_seed42,20,551611597.6838298,3.440152304475277,56.48101833972543,17939.98800711172,571.3854187049747,109.01371645927428,6974,True,medium,3600,medium_seed42_s20
ga_sa,medium_seed42,21,551611597.6838298,3.440152304475277,56.48101833972543,17939.98800711172,571.3854187049747,83.79947590827942,5260,True,medium,3600,medium_seed42_s21
ga_sa,medium_seed42,22,551611597.6838298,3.440152304475277,56.48101833972543,17939.98800711172,571.3854187049747,101.6360387802124,6591,True,medium,3600,medium_seed42_s22
ga_sa,medium_seed42,23,551611597.6838298,3.440152304475277,56.48101833972543,17939.98800711172,571.3854187049747,92.23982167243958,6314,True,medium,3600,medium_seed42_s23
ga_sa,medium_seed42,24,551611597.6838298,3.440152304475277,56.48101833972543,17939.98800711172,571.3854187049747,97.86523246765135,6308,True,medium,3600,medium_seed42_s24
ga_sa,medium_seed42,25,551611597.6838298,3.440152304475277,56.48101833972543,17939.98800711172,571.3854187049747,82.43053245544434,5926,True,medium,3600,medium_seed42_s25
ga_sa,medium_seed42,26,551611597.6838298,3.440152304475277,56.48101833972543,17939.98800711172,571.3854187049747,75.42848563194275,5767,True,medium,3600,medium_seed42_s26
ga_sa,medium_seed42,27,551611597.6838298,3.440152304475277,56.48101833972543,17939.98800711172,571.3854187049747,70.17334842681885,5850,True,medium,3600,medium_seed42_s27
ga_sa,medium_seed42,28,551611597.6838298,3.440152304475277,56.48101833972543,17939.98800711172,571.3854187049747,50.83069896697998,6278,True,medium,3600,medium_seed42_s28
ga_sa,medium_seed42,29,551611597.6838298,3.440152304475277,56.48101833972543,17939.98800711172,571.3854187049747,55.95318794250488,5848,True,medium,3600,medium_seed42_s29
ga_sa,medium_seed42,30,551611597.6838298,3.440152304475277,56.48101833972543,17939.98800711172,571.3854187049747,87.73134255409241,6941,True,medium,3600,medium_seed42_s30
ga_sa,medium_seed123,1,557587550.8502722,3.328640728981456,57.05428395569025,17676.23881302,0.0,81.2303159236908,5685,True,medium,3600,medium_seed123_s1
ga_sa,medium_seed123,2,557587550.8502722,3.328640728981456,57.05428395569025,17676.23881302,0.0,78.7872884273529,5727,True,medium,3600,medium_seed123_s2
ga_sa,medium_seed123,3,557587550.8502722,3.328640728981456,57.05428395569025,17676.23881302,0.0,90.2580738067627,5963,True,medium,3600,medium_seed123_s3
ga_sa,medium_seed123,4,557587550.8502722,3.328640728981456,57.05428395569025,17676.23881302,0.0,95.08561992645264,6390,True,medium,3600,medium_seed123_s4
ga_sa,medium_seed123,5,557587550.8502722,3.328640728981456,57.05428395569025,17676.23881302,0.0,101.98745703697205,6976,True,medium,3600,medium_seed123_s5
ga_sa,medium_seed123,6,557587550.8502722,3.328640728981456,57.05428395569025,17676.23881302,0.0,88.01907992362976,5963,True,medium,3600,medium_seed123_s6
ga_sa,medium_seed123,7,557587550.8502722,3.328640728981456,57.05428395569025,17676.23881302,0.0,93.61243176460266,6311,True,medium,3600,medium_seed123_s7
ga_sa,medium_seed123,8,557587550.8502722,3.328640728981456,57.05428395569025,17676.23881302,0.0,84.71480250358582,6465,True,medium,3600,medium_seed123_s8
ga_sa,medium_seed123,9,557587550.8502722,3.328640728981456,57.05428395569025,17676.23881302,0.0,80.01299619674683,5959,True,medium,3600,medium_seed123_s9
ga_sa,medium_seed123,10,557587550.8502722,3.328640728981456,57.05428395569025,17676.23881302,0.0,47.177385091781616,5847,True,medium,3600,medium_seed123_s10
ga_sa,medium_seed123,11,557587550.8502722,3.328640728981456,57.05428395569025,17676.23881302,0.0,50.80460023880005,5844,True,medium,3600,medium_seed123_s11
ga_sa,medium_seed123,12,557587550.8502722,3.328640728981456,57.05428395569025,17676.23881302,0.0,70.41111969947815,5731,True,medium,3600,medium_seed123_s12
ga_sa,medium_seed123,13,557587550.8502722,3.328640728981456,57.05428395569025,17676.23881302,0.0,78.43380093574524,5884,True,medium,3600,medium_seed123_s13
ga_sa,medium_seed123,14,557587550.8502722,3.328640728981456,57.05428395569025,17676.23881302,0.0,89.94356155395508,6466,True,medium,3600,medium_seed123_s14
ga_sa,medium_seed123,15,557587550.8502722,3.328640728981456,57.05428395569025,17676.23881302,0.0,91.09706950187685,6353,True,medium,3600,medium_seed123_s15
ga_sa,medium_seed123,16,557587550.8502722,3.328640728981456,57.05428395569025,17676.23881302,0.0,90.1341953277588,5958,True,medium,3600,medium_seed123_s16
ga_sa,medium_seed123,17,557587550.8502722,3.328640728981456,57.05428395569025,17676.23881302,0.0,82.84175753593445,5691,True,medium,3600,medium_seed123_s17
ga_sa,medium_seed123,18,557587550.8502722,3.328640728981456,57.05428395569025,17676.23881302,0.0,80.35891437530518,5800,True,medium,3600,medium_seed123_s18
ga_sa,medium_seed123,19,557587550.8502722,3.328640728981456,57.05428395569025,17676.23881302,0.0,76.905433177948,5305,True,medium,3600,medium_seed123_s19
ga_sa,medium_seed123,20,557587550.8502722,3.328640728981456,57.05428395569025,17676.23881302,0.0,98.17078161239624,6974,True,medium,3600,medium_seed123_s20
ga_sa,medium_seed123,21,557587550.8502722,3.328640728981456,57.05428395569025,17676.23881302,0.0,71.78258037567139,5300,True,medium,3600,medium_seed123_s21
ga_sa,medium_seed123,22,557587550.8502722,3.328640728981456,57.05428395569025,17676.23881302,0.0,81.96544623374939,6591,True,medium,3600,medium_seed123_s22
ga_sa,medium_seed123,23,557587550.8502722,3.328640728981456,57.05428395569025,17676.23881302,0.0,52.1225209236145,6314,True,medium,3600,medium_seed123_s23
ga_sa,medium_seed123,24,557587550.8502722,3.328640728981456,57.05428395569025,17676.23881302,0.0,60.45436978340149,6352,True,medium,3600,medium_seed123_s24
ga_sa,medium_seed123,25,557587550.8502722,3.328640728981456,57.05428395569025,17676.23881302,0.0,73.79361891746521,5926,True,medium,3600,medium_seed123_s25
ga_sa,medium_seed123,26,557587550.8502722,3.328640728981456,57.05428395569025,17676.23881302,0.0,74.06523823738098,5299,True,medium,3600,medium_seed123_s26
ga_sa,medium_seed123,27,557587550.8502722,3.328640728981456,57.05428395569025,17676.23881302,0.0,85.04428100585938,5850,True,medium,3600,medium_seed123_s27
ga_sa,medium_seed123,28,557587550.8502722,3.328640728981456,57.05428395569025,17676.23881302,0.0,95.71244478225708,6278,True,medium,3600,medium_seed123_s28
ga_sa,medium_seed123,29,557587550.8502722,3.328640728981456,57.05428395569025,17676.23881302,0.0,85.00453615188599,5848,True,medium,3600,medium_seed123_s29
ga_sa,medium_seed123,30,557587550.8502722,3.328640728981456,57.05428395569025,17676.23881302,0.0,107.59400534629822,7525,True,medium,3600,medium_seed123_s30
ga_sa,medium_seed456,1,555143346.2972611,3.399011304876867,56.84970990595867,17820.384133790027,0.0,85.58128333091736,5646,True,medium,3600,medium_seed456_s1
ga_sa,medium_seed456,2,555143346.2972611,3.399011304876867,56.84970990595867,17820.384133790027,0.0,81.04535794258118,5727,True,medium,3600,medium_seed456_s2
ga_sa,medium_seed456,3,555143346.2972611,3.399011304876867,56.84970990595867,17820.384133790027,0.0,82.67148232460022,6354,True,medium,3600,medium_seed456_s3
ga_sa,medium_seed456,4,555143346.2972611,3.399011304876867,56.84970990595867,17820.384133790027,0.0,92.09895634651184,6390,True,medium,3600,medium_seed456_s4
ga_sa,medium_seed456,5,555143346.2972611,3.399011304876867,56.84970990595867,17820.384133790027,0.0,56.88912582397461,6272,True,medium,3600,medium_seed456_s5
ga_sa,medium_seed456,6,555143346.2972611,3.399011304876867,56.84970990595867,17820.384133790027,0.0,54.95591855049133,5963,True,medium,3600,medium_seed456_s6
ga_sa,medium_seed456,7,555143346.2972611,3.399011304876867,56.84970990595867,17820.384133790027,0.0,77.39428782463074,6468,True,medium,3600,medium_seed456_s7
ga_sa,medium_seed456,8,555143346.2972611,3.399011304876867,56.84970990595867,17820.384133790027,0.0,76.15272259712219,5649,True,medium,3600,medium_seed456_s8
ga_sa,medium_seed456,9,555143346.2972611,3.399011304876867,56.84970990595867,17820.384133790027,0.0,105.72456455230711,6969,True,medium,3600,medium_seed456_s9
ga_sa,medium_seed456,10,555143346.2972611,3.399011304876867,56.84970990595867,17820.384133790027,0.0,83.29780983924866,5730,True,medium,3600,medium_seed456_s10
ga_sa,medium_seed456,11,555143346.2972611,3.399011304876867,56.84970990595867,17820.384133790027,0.0,121.06021976470949,8136,True,medium,3600,medium_seed456_s11
ga_sa,medium_seed456,12,555143346.2972611,3.399011304876867,56.84970990595867,17820.384133790027,0.0,73.38417387008667,5339,True,medium,3600,medium_seed456_s12
ga_sa,medium_seed456,13,555143346.2972611,3.399011304876867,56.84970990595867,17820.384133790027,0.0,76.18105244636536,5336,True,medium,3600,medium_seed456_s13
ga_sa,medium_seed456,14,555143346.2972611,3.399011304876867,56.84970990595867,17820.384133790027,0.0,91.10658860206604,6466,True,medium,3600,medium_seed456_s14
ga_sa,medium_seed456,15,555143346.2972611,3.399011304876867,56.84970990595867,17820.384133790027,0.0,83.88218665122986,6353,True,medium,3600,medium_seed456_s15
ga_sa,medium_seed456,16,555143346.2972611,3.399011304876867,56.84970990595867,17820.384133790027,0.0,81.57180953025818,5958,True,medium,3600,medium_seed456_s16
ga_sa,medium_seed456,17,555143346.2972611,3.399011304876867,56.84970990595867,17820.384133790027,0.0,56.53201961517334,5691,True,medium,3600,medium_seed456_s17
ga_sa,medium_seed456,18,555143346.2972611,3.399011304876867,56.84970990595867,17820.384133790027,0.0,47.85622978210449,5800,True,medium,3600,medium_seed456_s18
ga_sa,medium_seed456,19,555143346.2972611,3.399011304876867,56.84970990595867,17820.384133790027,0.0,44.5381543636322,5305,True,medium,3600,medium_seed456_s19
ga_sa,medium_seed456,20,555143346.2972611,3.399011304876867,56.84970990595867,17820.384133790027,0.0,58.51829051971436,6974,True,medium,3600,medium_seed456_s20
ga_sa,medium_seed456,21,555143346.2972611,3.399011304876867,56.84970990595867,17820.384133790027,0.0,44.656651735305786,5300,True,medium,3600,medium_seed456_s21
ga_sa,medium_seed456,22,555143346.2972611,3.399011304876867,56.84970990595867,17820.384133790027,0.0,52.671974182128906,6430,True,medium,3600,medium_seed456_s22
ga_sa,medium_seed456,23,555143346.2972611,3.399011304876867,56.84970990595867,17820.384133790027,0.0,63.741172313690186,7594,True,medium,3600,medium_seed456_s23
ga_sa,medium_seed456,24,555143346.2972611,3.399011304876867,56.84970990595867,17820.384133790027,0.0,67.09357070922852,6352,True,medium,3600,medium_seed456_s24
ga_sa,medium_seed456,25,555143346.2972611,3.399011304876867,56.84970990595867,17820.384133790027,0.0,53.64843773841858,5926,True,medium,3600,medium_seed456_s25
ga_sa,medium_seed456,26,555143346.2972611,3.399011304876867,56.84970990595867,17820.384133790027,0.0,48.64331531524658,5726,True,medium,3600,medium_seed456_s26
ga_sa,medium_seed456,27,555143346.2972611,3.399011304876867,56.84970990595867,17820.384133790027,0.0,48.75324416160584,5850,True,medium,3600,medium_seed456_s27
ga_sa,medium_seed456,28,555143346.2972611,3.399011304876867,56.84970990595867,17820.384133790027,0.0,52.37413668632507,6278,True,medium,3600,medium_seed456_s28
ga_sa,medium_seed456,29,555143346.2972611,3.399011304876867,56.84970990595867,17820.384133790027,0.0,50.74762940406799,5848,True,medium,3600,medium_seed456_s29
ga_sa,medium_seed456,30,555143346.2972611,3.399011304876867,56.84970990595867,17820.384133790027,0.0,116.59413027763368,7603,True,medium,3600,medium_seed456_s30
ga_sa,large_seed42,1,1644818958.1985805,17.553279078663746,66.66473778510588,73249.08848761319,0.0,699.4430644512177,11566,True,large,19200,large_seed42_s1
ga_sa,large_seed42,2,1646956379.389351,17.446140619729757,66.86545738463732,73994.4284741079,0.0,723.6767809391022,13820,True,large,19200,large_seed42_s2
ga_sa,large_seed42,3,1647627589.7567868,17.41249613042736,67.00834638141355,74960.17450769951,0.0,984.3915457725524,13821,True,large,19200,large_seed42_s3
ga_sa,large_seed42,4,1649343190.7863126,17.326501450837466,66.8849101626616,73726.03289231165,0.0,1518.6852095127106,13822,True,large,19200,large_seed42_s4
ga_sa,large_seed42,5,1646994471.296127,17.444231258950758,66.87602777628975,74149.4631390905,0.0,1174.0038347244265,13823,True,large,19200,large_seed42_s5
ga_sa,large_seed42,6,1647280098.827531,17.429914149306715,66.83216616266289,73752.09820231286,0.0,1180.7987351417542,13816,True,large,19200,large_seed42_s6
ga_sa,large_seed42,7,1649441133.9073842,17.32159204173265,66.80162372203824,73081.48490635424,0.0,1217.4394850730896,13826,True,large,19200,large_seed42_s7
ga_sa,large_seed42,8,1648829781.7461932,17.35223613223704,66.85520609561813,73520.62208572793,0.0,1165.2926094532013,13823,True,large,19200,large_seed42_s8
ga_sa,large_seed42,9,1649394260.0289087,17.323941599754157,66.87817721335595,73715.92928817689,0.0,1120.743274450302,13819,True,large,19200,large_seed42_s9
ga_sa,large_seed42,10,1644792945.566785,17.554582964531154,66.96229551040608,75229.91438386602,0.0,936.0948252677916,13820,True,large,19200,large_seed42_s10
ga_sa,large_seed42,11,1639034593.4258184,17.843220962996973,66.31992333800704,71886.65892670323,0.0,953.1063446998596,13814,True,large,19200,large_seed42_s11
ga_sa,large_seed42,12,1648354428.1398911,17.376063281068454,66.91314721543684,74063.11013826894,0.0,976.1560821533204,13825,True,large,19200,large_seed42_s12
ga_sa,large_seed42,13,1648065667.6228435,17.390537431942896,67.14554898379428,75892.37396935429,0.0,976.8690781593324,13822,True,large,19200,large_seed42_s13
ga_sa,large_seed42,14,1645906589.3015175,17.49876145679281,66.63231263072689,72781.72478960252,0.0,946.879637002945,13831,True,large,19200,large_seed42_s14
ga_sa,large_seed42,15,1647867181.8005874,17.400486554375394,67.08120415099457,75321.12351782448,0.0,953.0970509052275,13812,True,large,19200,large_seed42_s15
ga_sa,large_seed42,16,1648117295.4836452,17.387949580064095,67.1138343508399,75606.67275961618,0.0,1025.6540892124176,13192,True,large,19200,large_seed42_s16
ga_sa,large_seed42,17,1646830246.0614266,17.45246306587766,66.9469565879724,74744.46745092682,0.0,1226.3550503253937,13816,True,large,19200,large_seed42_s17
ga_sa,large_seed42,18,1645135795.8567789,17.53739755817625,66.56838359776171,72210.5570484609,0.0,5951.044359683991,13830,True,large,19200,large_seed42_s18
ga_sa,large_seed42,19,1648985263.241139,17.344442606172464,66.72520343969052,72700.46301781002,0.0,1868.3752253055573,13825,True,large,19200,large_seed42_s19
ga_sa,large_seed42,20,1648277034.9978924,17.379942620340287,66.95774518516949,74534.4543451889,0.0,2432.380285024643,13238,True,large,19200,large_seed42_s20
ga_sa,large_seed42,21,1642451058.012681,17.6719703211396,66.19836420856944,70418.05404235414,0.0,1290.2146122455597,13826,True,large,19200,large_seed42_s21
ga_sa,large_seed42,22,1648143535.0149689,17.386634320834276,66.62814325654956,71972.6485036176,0.0,1002.1659808158876,13818,True,large,19200,large_seed42_s22
ga_sa,large_seed42,23,1646777112.503616,17.45512639097526,66.81525191139434,73824.20229592819,0.0,681.0446202754974,13821,True,large,19200,large_seed42_s23
ga_sa,large_seed42,24,1648690999.242918,17.359192619611687,66.63742560211962,72136.29513593657,0.0,1006.8239104747772,13828,True,large,19200,large_seed42_s24
ga_sa,large_seed42,25,1646276523.67612,17.48021845788704,66.74031238347874,73375.56029171874,0.0,640.5370576381683,13819,True,large,19200,large_seed42_s25
ga_sa,large_seed42,26,1648856391.5882092,17.35090231114535,67.04887675878473,75015.46009332384,0.0,1467.598138332367,13816,True,large,19200,large_seed42_s26
ga_sa,large_seed42,27,1645009139.4655285,17.543746222927634,66.77344676021374,73908.32977003774,0.0,1908.012995958328,13830,True,large,19200,large_seed42_s27
ga_sa,large_seed42,28,1647922266.72888,17.39772541662995,66.89394623355227,73978.05795196063,0.0,617.8822691440582,13830,True,large,19200,large_seed42_s28
ga_sa,large_seed42,29,1648697577.644658,17.358862876541988,66.69876507868852,72436.71162042863,0.0,599.9951071739197,13826,True,large,19200,large_seed42_s29
ga_sa,large_seed42,30,1646810000.778108,17.45347786280434,66.32728847538245,70210.17331464504,0.0,596.9836347103119,13816,True,large,19200,large_seed42_s30
ga_sa,large_seed123,1,1632285486.8567307,17.650009701881146,66.6175951507239,75387.10130781363,0.0,3516.0214178562164,13834,True,large,19200,large_seed123_s1
ga_sa,large_seed123,2,1631028723.186732,17.713414343326995,66.20568237766065,72790.38460332235,0.0,609.3437006473541,13820,True,large,19200,large_seed123_s2
ga_sa,large_seed123,3,1632732256.9844244,17.62746982391414,66.20202824611599,72461.3590033038,0.0,574.6934309005737,13813,True,large,19200,large_seed123_s3
ga_sa,large_seed123,4,1632045986.8797057,17.66209264995807,66.52674858852585,74866.6186778069,0.0,574.9932925701141,13816,True,large,19200,large_seed123_s4
ga_sa,large_seed123,5,1633225341.1598277,17.602593368546753,66.44640138039821,74041.34702168993,0.0,583.1967880725861,13811,True,large,19200,large_seed123_s5
ga_sa,large_seed123,6,1632701000.9544277,17.629046713366215,66.52599254598134,74700.52358639278,0.0,578.9107601642609,13816,True,large,19200,large_seed123_s6
ga_sa,large_seed123,7,1630868983.8265183,17.721473310260016,66.09664969918681,71921.53711845943,0.0,584.7113392353058,13827,True,large,19200,large_seed123_s7
ga_sa,large_seed123,8,1630618687.2382407,17.73410095522916,66.57072638121316,75623.7644128276,0.0,575.9851756095886,13825,True,large,19200,large_seed123_s8
ga_sa,large_seed123,9,1628603001.906701,17.835793746614552,65.78829895454632,70265.35436120897,0.0,810.643176317215,13807,True,large,19200,large_seed123_s9
ga_sa,large_seed123,10,1631399355.6049275,17.694715668194288,66.63190701629324,75930.77297406814,0.0,626.7438292503357,13816,True,large,19200,large_seed123_s10
ga_sa,large_seed123,11,1631073991.425249,17.711130527761206,66.71968559331924,76479.43937335843,0.0,584.0516188144684,13825,True,large,19200,large_seed123_s11
ga_sa,large_seed123,12,1633547142.4950898,17.586358257072607,66.26986447316725,72675.79871686772,0.0,587.5262172222137,13830,True,large,19200,large_seed123_s12
ga_sa,large_seed123,13,1633759802.674791,17.575629396296588,66.00808411865123,70767.17900929006,0.0,594.2700910568237,13816,True,large,19200,large_seed123_s13
ga_sa,large_seed123,14,1632439575.2007046,17.642235832828533,66.31915739774335,73203.17269624515,0.0,599.8590054512024,13816,True,large,19200,large_seed123_s14
ga_sa,large_seed123,15,1631924772.7082758,17.668207993089908,66.4868242144985,74601.004089055,0.0,594.907425403595,13817,True,large,19200,large_seed123_s15
ga_sa,large_seed123,16,1632021385.492213,17.66333380785456,66.87573532855662,77463.39077351938,0.0,572.9726409912109,13193,True,large,19200,large_seed123_s16
ga_sa,large_seed123,17,1628756816.7567496,17.828033675529458,66.88597779062046,78122.21018548831,0.0,592.9637653827667,13820,True,large,19200,large_seed123_s17
ga_sa,large_seed123,18,1629203356.8783462,17.805505401537378,65.90604709356711,71087.90527500254,0.0,588.6353940963745,13825,True,large,19200,large_seed123_s18
ga_sa,large_seed123,19,1632054128.7296903,17.661681887703157,66.04417730257258,71353.96658210925,0.0,601.4231536388397,13834,True,large,19200,large_seed123_s19
ga_sa,large_seed123,20,1632033520.9296849,17.662721566205587,66.08908112745718,71764.71251281588,0.0,598.8428637981415,13825,True,large,19200,large_seed123_s20
ga_sa,large_seed123,21,1632121525.8786864,17.65828165250494,66.56057792928591,75187.29396699273,0.0,599.2665436267853,13827,True,large,19200,large_seed123_s21
ga_sa,large_seed123,22,1632297535.8818412,17.649401819798666,66.4153390312331,74110.27560349696,0.0,600.7121684551239,13818,True,large,19200,large_seed123_s22
ga_sa,large_seed123,23,1631062273.9176333,17.7117216845449,66.52821962555001,75125.05463981185,0.0,607.2356097698212,13827,True,large,19200,large_seed123_s23
ga_sa,large_seed123,24,1632829989.2518368,17.622539159923047,66.29266290202341,73154.58092109779,0.0,722.855854511261,13826,True,large,19200,large_seed123_s24
ga_sa,large_seed123,25,1630080727.5838184,17.76124141115992,66.28136149781389,73490.12654626538,0.0,743.4297156333923,13819,True,large,19200,large_seed123_s25
ga_sa,large_seed123,26,1630543291.4445188,17.7379047278728,66.20126551133791,72841.04386193951,0.0,799.9539878368378,13824,True,large,19200,large_seed123_s26
ga_sa,large_seed123,27,1632823510.0472386,17.62286604050864,66.30676264244968,72972.89590330976,0.0,758.3455488681793,13819,True,large,19200,large_seed123_s27
ga_sa,large_seed123,28,1633510037.5627265,17.588230227904138,66.65785568636161,75619.25764087279,0.0,647.737387418747,13829,True,large,19200,large_seed123_s28
ga_sa,large_seed123,29,1631011273.6773674,17.71429468376894,65.64168917472828,68668.22790859478,0.0,561.8509359359741,13828,True,large,19200,large_seed123_s29
ga_sa,large_seed123,30,1631076966.277578,17.710980444297007,66.40771829001474,74210.55738277143,0.0,558.9447875022888,13815,True,large,19200,large_seed123_s30
ga_sa,large_seed456,1,1643350090.7663589,17.55027492974049,66.7668461884816,73379.0570421267,0.0,561.7877240180969,13826,True,large,19200,large_seed456_s1
ga_sa,large_seed456,2,1644524039.3324416,17.491375893519297,66.85351310710969,73804.19921068351,0.0,561.4428346157074,13826,True,large,19200,large_seed456_s2
ga_sa,large_seed456,3,1642601345.125732,17.587840797515174,66.87556279777714,74429.34659846577,0.0,559.7570798397064,13821,True,large,19200,large_seed456_s3
ga_sa,large_seed456,4,1643645197.3535028,17.53546892028873,67.3013894233107,77132.08194586058,0.0,567.2728946208954,13822,True,large,19200,large_seed456_s4
ga_sa,large_seed456,5,1642713921.6395705,17.58219263850906,66.76602307563468,73534.69899470192,0.0,562.4686055183411,13817,True,large,19200,large_seed456_s5
ga_sa,large_seed456,6,1643704794.615726,17.53247882224884,66.59920095663645,72232.87016500816,0.0,492.43746614456177,12066,True,large,19200,large_seed456_s6
ga_sa,large_seed456,7,1643180716.8244507,17.558772714249617,67.02961107628157,75399.03248127401,0.0,567.6771779060364,13824,True,large,19200,large_seed456_s7
ga_sa,large_seed456,8,1643848782.808147,17.525254684832735,66.89254308784069,74134.03578481573,0.0,574.0896122455597,13823,True,large,19200,large_seed456_s8
ga_sa,large_seed456,9,1643565127.0879054,17.539486184426114,66.6919722535485,72776.9095998724,0.0,773.7309827804565,13819,True,large,19200,large_seed456_s9
ga_sa,large_seed456,10,1643236997.6829982,17.555949005935712,66.84119328706194,73868.94579126351,0.0,754.192831993103,13831,True,large,19200,large_seed456_s10
ga_sa,large_seed456,11,1643249359.4744563,17.555328793412013,67.02054748528153,75074.74708421076,0.0,744.8664939403534,13820,True,large,19200,large_seed456_s11
ga_sa,large_seed456,12,1642258413.7853854,17.605046257805355,66.49175354015274,71531.20740248766,0.0,761.4369394779205,13828,True,large,19200,large_seed456_s12
ga_sa,large_seed456,13,1642547417.5857112,17.590546435755865,66.71997760403094,73273.7556406509,0.0,558.3654811382294,13823,True,large,19200,large_seed456_s13
ga_sa,large_seed456,14,1641989516.6357465,17.61853729430724,66.71794434083324,73258.59260295698,0.0,558.6959574222565,13824,True,large,19200,large_seed456_s14
ga_sa,large_seed456,15,1642549647.4554644,17.590434559321793,66.54574823155028,71926.15355638033,0.0,558.7376854419708,13820,True,large,19200,large_seed456_s15
ga_sa,large_seed456,16,1641965746.9802744,17.61972985915979,66.53456200679219,71955.99302862141,0.0,564.4306609630585,13821,True,large,19200,large_seed456_s16
ga_sa,large_seed456,17,1640862351.2306256,17.675089138179768,66.83658038196339,74495.25637143223,0.0,391.10453629493713,9696,True,large,19200,large_seed456_s17
ga_sa,large_seed456,18,1639706739.230669,17.733068197066654,66.75941912611066,74087.76988053005,0.0,694.6669960021973,13817,True,large,19200,large_seed456_s18
ga_sa,large_seed456,19,1644046968.48202,17.515311365746008,66.55566315983124,71786.19616356194,0.0,2550.784511566162,13817,True,large,19200,large_seed456_s19
ga_sa,large_seed456,20,1640922732.3328528,17.672059713527013,66.234154189311,70156.29330071101,0.0,1528.6386523246765,13822,True,large,19200,large_seed456_s20
ga_sa,large_seed456,21,1636945314.2029123,17.871613681452455,66.24438141342497,71013.1743800461,0.0,949.1231865882874,13825,True,large,19200,large_seed456_s21
ga_sa,large_seed456,22,1638012813.887823,17.81805537027578,66.54889651608345,72912.00250949454,0.0,894.1025404930115,13826,True,large,19200,large_seed456_s22
ga_sa,large_seed456,23,1645214691.6512544,17.456724668485013,66.72243098766907,72677.41661646948,0.0,860.706554889679,13819,True,large,19200,large_seed456_s23
ga_sa,large_seed456,24,1642604495.8054264,17.58768272244885,66.02515515568933,68115.15599628122,0.0,1377.3017842769625,13818,True,large,19200,large_seed456_s24
ga_sa,large_seed456,25,1641672910.0568013,17.634421995647592,66.59400644423886,72609.83169420547,0.0,2482.3386929035187,13197,True,large,19200,large_seed456_s25
ga_sa,large_seed456,26,1643697355.154942,17.53285207290295,66.70408661095728,72888.47054223446,0.0,1038.6143553256989,13826,True,large,19200,large_seed456_s26
ga_sa,large_seed456,27,1638828879.5078013,17.777111942344902,66.2687473373735,70803.8997234528,0.0,1020.270926952362,13820,True,large,19200,large_seed456_s27
ga_sa,large_seed456,28,1644689321.8583827,17.48308338244735,66.81868817601449,73545.1282442844,0.0,952.9837114810944,13822,True,large,19200,large_seed456_s28
ga_sa,large_seed456,29,1643598112.684785,17.53783123980459,66.58573340574797,72023.24821032418,0.0,1043.2580983638763,13821,True,large,19200,large_seed456_s29
ga_sa,large_seed456,30,1644057850.4278924,17.514765399642705,66.57490770243716,71850.47749819227,0.0,1326.449048280716,13821,True,large,19200,large_seed456_s30
baseline,small_seed42,1,552277686.7837336,3.369528549901049,56.4843758197804,17821.311832720072,491.17381517409456,0.0211403369903564,1,True,small,1440,small_seed42_s1
baseline,small_seed123,1,558430771.4228833,3.432795980121438,57.1520122955377,17929.504511549763,0.0,0.0101866722106933,1,True,small,1440,small_seed123_s1
baseline,small_seed456,1,555566737.353149,3.381372636774245,56.94280930114696,17714.33663525002,162.95531489644657,0.0101172924041748,1,True,small,1440,small_seed456_s1
baseline,medium_seed42,1,551611597.6838298,3.440152304475277,56.48101833972543,17939.98800711172,571.3854187049747,0.0313572883605957,1,True,medium,3600,medium_seed42_s1
baseline,medium_seed123,1,557587550.8502722,3.328640728981456,57.05428395569025,17676.23881302,0.0,0.0313024520874023,1,True,medium,3600,medium_seed123_s1
baseline,medium_seed456,1,555143346.2972611,3.399011304876867,56.84970990595867,17820.384133790027,0.0,0.0294928550720214,1,True,medium,3600,medium_seed456_s1
baseline,large_seed42,1,1594853082.365755,20.057823788490538,71.12795820995686,115561.63816644816,0.0,0.1546058654785156,1,True,large,19200,large_seed42_s1
baseline,large_seed123,1,1579857223.7070725,20.295053719294824,70.71162897009133,115894.8604769297,0.0,0.2108316421508789,1,True,large,19200,large_seed123_s1
baseline,large_seed456,1,1589906504.3223472,20.23163237988827,71.10454668351849,115688.67343065071,0.0,0.5131616592407227,1,True,large,19200,large_seed456_s1
